player_id,surname,forename,player_name,comp_rec_pos,soccerbase_pos,tm_pos_1,tm_pos_2,tm_pos_3
ACourtAlan19340930,A'Court,Alan,Alan A'Court,Outside Left,,,,
AchterbergJohn19710708,Achterberg,John,John Achterberg,,Goalkeeper,Goalkeeper,,
AdamsArthur,Adams,Arthur,Arthur Adams,Outside Right,,,,
AdamsEdward19081112,Adams,Edward,Edward Adams,Outside Right,,,,
AdkinsNigel19650311,Adkins,Nigel,Nigel Adkins,Goalkeeper,,Goalkeeper,,
AhmedAdnan19840607,Ahmed,Adnan,Adnan Ahmed,,Midfielder,Central Midfield,,
AimsonWill19940603,Aimson,Will,Will Aimson,,Defender,Centre-Back,,
AistonSam19761121,Aiston,Sam,Sam Aiston,,Midfielder,Left Midfield,,
AkammaduFranklyn19980811,Akammadu,Franklyn,Franklyn Akammadu,,Forward,Centre-Forward,Right Winger,Left Winger
AkinsLucas19890225,Akins,Lucas,Lucas Akins,,Forward,Right Winger,Centre-Forward,Right-Back
AkpaAkproJeanLouis19850104,Akpa Akpro,Jean-Louis,Jean-Louis Akpa Akpro,,Forward,Centre-Forward,Second Striker,Left Winger
AkpanUdi19990210,Akpan,Udi,Udi Akpan,,Forward,,,
AkpanUdoyen19990210,Akpan,Udoyen,Udoyen Akpan,,,Centre-Forward,Second Striker,Right Winger
AlabiJames19941108,Alabi,James,James Alabi,,Forward,Centre-Forward,Left Winger,Right Winger
AlcockEdward1914,Alcock,Edward,Edward Alcock,Outside Left,,,,
AldridgeJohn19580918,Aldridge,John,John Aldridge,Forward,Forward,Centre-Forward,,
AldridgePaul19811202,Aldridge,Paul,Paul Aldridge,,Forward,Centre-Forward,,
AlexanderAlex19240928,Alexander,Alex,Alex Alexander,Outside Left,,,,
AlldisGillie19200126,Alldis,Gillie,Gillie Alldis,Right Half,,,,
AllenGraham19770408,Allen,Graham,Graham Allen,,Defender,Centre-Back,Right-Back,
AllenMark19631218,Allen,Mark,Mark Allen,Forward,,,,
AllenRussell19540109,Allen,Russell,Russell Allen,Forward,,,,
AllisonWayne19681016,Allison,Wayne,Wayne Allison,,Forward,Centre-Forward,,
AlmondJohn41915,Almond,John,John Almond,Outside Left,,,,
AlmondLouis19920105,Almond,Louis,Louis Almond,,Forward,Centre-Forward,Left Winger,
AmeryCharlie19100916,Amery,Charlie,Charlie Amery,Left Back,,,,
AmooDavid19910413,Amoo,David,David Amoo,,Forward,Right Winger,Left Winger,Second Striker
AndersJimmy19280308,Anders,Jimmy,Jimmy Anders,Outside Left,,,,
AndersonDoug19630829,Anderson,Doug,Doug Anderson,Outside Left,,Winger,,
AndersonIain19770723,Anderson,Iain,Iain Anderson,,Midfielder,Right Winger,Right Midfield,
AndersonTed19110717,Anderson,Ted,Ted Anderson,Wing Half,,,,
AntwiGodwin19880607,Antwi,Godwin,Godwin Antwi,,Defender,Centre-Back,,
ApterRob20030423,Apter,Rob,Rob Apter,,Forward,Right Winger,Attacking Midfield,
AriyibiGboly19950118,Ariyibi,Gboly,Gboly Ariyibi,,Forward,Left Winger,Right Winger,Attacking Midfield
ArnellAlan19331125,Arnell,Alan,Alan Arnell,Center Forward,,,,
ArthurworreyStephen19941015,Arthurworrey,Stephen,Stephen Arthurworrey,,Defender,Centre-Back,,
AshcroftBilly19521001,Ashcroft,Billy,Billy Ashcroft,Central Defender,,Centre-Back,Centre-Forward,
AshcroftLlew19210710,Ashcroft,Llew,Llew Ashcroft,Outside Right,,,,
AshtonNeil19850115,Ashton,Neil,Neil Ashton,,Defender,Left-Back,Centre-Back,
AshworthBarry19420815,Ashworth,Barry,Barry Ashworth,Right Half,,,,
AskewDarren,Askew,Darren,Darren Askew,,,,,
AspinallJohn19590315,Aspinall,John,John Aspinall,Midfielder,,Winger,,
AtkinsonChris19920213,Atkinson,Chris,Chris Atkinson,,Midfielder,Central Midfield,,
AtkinsonHarold19250728,Atkinson,Harold,Harold Atkinson,Center Forward,,,,
BabbPhil19701130,Babb,Phil,Phil Babb,,Defender,Centre-Back,Left-Back,
BainKithson19820526,Bain,Kithson,Kithson Bain,,Forward,Centre-Forward,,
BainbridgeBill19220309,Bainbridge,Bill,Bill Bainbridge,Inside Right,,,,
BakayogoZoumana19860817,Bakayogo,Zoumana,Zoumana Bakayogo,,Defender,Left-Back,Left Midfield,
BakerHorace19100901,Baker,Horace,Horace Baker,Outside Right,,,,
BakerTom19850328,Baker,Tom,Tom Baker,,,Central Midfield,,
BaldwinEdmund31910,Baldwin,Edmund,Edmund Baldwin,Center Forward,,,,
BamberJack18950411,Bamber,Jack,Jack Bamber,Center Half,,,,
BanksOllie19920921,Banks,Ollie,Ollie Banks,,Midfielder,Central Midfield,Defensive Midfield,Attacking Midfield
BarkerGeorge19910926,Barker,George,George Barker,,Midfielder,Centre-Forward,Right Winger,Left Winger
BarlowStuart19680716,Barlow,Stuart,Stuart Barlow,,Forward,Centre-Forward,,
BarnettCharlie19880919,Barnett,Charlie,Charlie Barnett,,Midfielder,Central Midfield,,
BarnettGraham19360517,Barnett,Graham,Graham Barnett,Inside Forward,,,,
BarrettArthur19271221,Barrett,Arthur,Arthur Barrett,Half Back,,,,
BarrieJohn19250517,Barrie,John,John Barrie,Fullback,,,,
BartonTeddy11904,Barton,Teddy,Teddy Barton,Right Half,,,,
BauressGary19710119,Bauress,Gary,Gary Bauress,Center Half,,,,
BavinJohn19210525,Bavin,John,John Bavin,Fullback,,,,
BaxterJose19920207,Baxter,Jose,Jose Baxter,,Forward,Attacking Midfield,Central Midfield,Second Striker
BeamishKenny19470825,Beamish,Kenny,Kenny Beamish,Forward,,Centre-Forward,,
BedfordFred19020625,Bedford,Fred,Fred Bedford,Outside Right,,,,
BelehouanJean20000901,Belehouan,Jean,Jean Belehouan,,Defender,Centre-Back,Left-Back,
BellBaggieAbdulai19920428,Bell-Baggie,Abdulai,Abdulai Bell-Baggie,,Midfielder,Right Winger,Left Winger,
BellBunny19110410,Bell,Bunny,Bunny Bell,Center Forward,,,,
BellGraham19550330,Bell,Graham,Graham Bell,Midfielder,,,,
BellHarold19241122,Bell,Harold,Harold Bell,Center Half,,,,
BennettGary19630920,Bennett,Gary,Gary Bennett,Forward,,Centre-Forward,,
BensonLiam19920225,Benson,Liam,Liam Benson,,Defender,Left-Back,Centre-Back,Right-Back
BeresfordDavid19761111,Beresford,David,David Beresford,,Midfielder,Left Midfield,,
BestJohn19400711,Best,John,John Best,Half Back,,,,
BeswickSammy19030308,Beswick,Sammy,Sammy Beswick,Center Forward,,,,
BevanHarry19060223,Bevan,Harry,Harry Bevan,Inside Left,,,,
BillingtonStan19370223,Billington,Stan,Stan Billington,Fullback,,,,
BirminghamCharles19220824,Birmingham,Charles,Charles Birmingham,Inside Forward,,,,
BirtlesDanny19040224,Birtles,Danny,Danny Birtles,Outside Right,,,,
BishopEddie19621128,Bishop,Eddie,Eddie Bishop,Midfielder,,Central Midfield,,
BlackMichael19761006,Black,Michael,Michael Black,,Midfielder,Left Winger,Right Winger,
BlackPaul19900118,Black,Paul,Paul Black,,Defender,Left-Back,,
BlackettTaylorCorey19970923,Blackett-Taylor,Corey,Corey Blackett-Taylor,,Forward,Right Winger,Left Winger,
BlackhamJoe20010910,Blackham,Joe,Joe Blackham,,Midfielder,Defensive Midfield,Central Midfield,Right-Back
BlanchardMaxime19860927,Blanchard,Maxime,Maxime Blanchard,,Defender,Centre-Back,Right-Back,Defensive Midfield
BlissettNathan19900629,Blissett,Nathan,Nathan Blissett,,Forward,Centre-Forward,Left Winger,Right Winger
BlundellAlan19470818,Blundell,Alan,Alan Blundell,Half Back,,,,
BolandAntonie19941230,Boland,Antonie,Antonie Boland,,Defender,Centre-Back,Left-Back,Defensive Midfield
BonettiIvano19640801,Bonetti,Ivano,Ivano Bonetti,Winger,Midfielder,Right Winger,Left Winger,
BorthwickJacksonCameron19970202,Borthwick-Jackson,Cameron,Cameron Borthwick-Jackson,,Defender,Left-Back,Centre-Back,
BowenWilliam19090316,Bowen,William,William Bowen,Center Forward,,,,
BracewellKen19361005,Bracewell,Ken,Ken Bracewell,Fullback,,,,
BradshawGeorge19040312,Bradshaw,George,George Bradshaw,Left Back,,,,
BradshawHarry18950122,Bradshaw,Harry,Harry Bradshaw,Goalkeeper,,,,
BramhallJohn19561120,Bramhall,John,John Bramhall,Center Half,,,,
BranchGraham19720212,Branch,Graham,Graham Branch,Winger,Midfielder,Left Winger,Left Midfield,Left-Back
BrannanGed19720115,Brannan,Ged,Ged Brannan,Fullback,Midfielder,Central Midfield,Left-Back,
BrennanMike19410506,Brennan,Mike,Mike Brennan,Fullback,,,,
BrezovanPeter19791209,Brezovan,Peter,Peter Brezovan,,Goalkeeper,Goalkeeper,,
BridgesHarold19150630,Bridges,Harold,Harold Bridges,Inside Left,,,,
BriggsArthur19000527,Briggs,Arthur,Arthur Briggs,Goalkeeper,,,,
BristowEthan20011127,Bristow,Ethan,Ethan Bristow,,Defender,Left-Back,,
BrodieEric19401108,Brodie,Eric,Eric Brodie,Wing Half,,,,
BroomesMarlon19771128,Broomes,Marlon,Marlon Broomes,,Defender,Centre-Back,Sweeper,
BrownAndy19630817,Brown,Andy,Andy Brown,Defender,,,,
BrownDave19631021,Brown,Dave,Dave Brown,Defender,,,,
BrownJack,Brown,Jack,Jack Brown,Inside Forward,,,,
BrownJock19350402,Brown,Jock,Jock Brown,Left Back,,,,
BrownJunior19890507,Brown,Junior,Junior Brown,,Defender,Left-Back,Left Midfield,Right Midfield
BrownKayleden19920415,Brown,Kayleden,Kayleden Brown,,Forward,Left Midfield,,
BrownOwen19600904,Brown,Owen,Owen Brown,Forward,,,,
BrownPaul19840910,Brown,Paul,Paul Brown,,Midfielder,Left Midfield,,
BrownSamuel19080501,Brown,Samuel,Samuel Brown,Inside Right,,,,
BruceAlex19840928,Bruce,Alex,Alex Bruce,,Defender,Centre-Back,Right-Back,Defensive Midfield
BrunaGerardo19910129,Bruna,Gerardo,Gerardo Bruna,,Midfielder,Central Midfield,Defensive Midfield,Attacking Midfield
BruntRyan19930526,Brunt,Ryan,Ryan Brunt,,Forward,Centre-Forward,,
BuchanTom31889,Buchan,Tom,Tom Buchan,Right Half,,,,
BuchananDavid19860506,Buchanan,David,David Buchanan,,Defender,Left-Back,,
BuckleyTed19120913,Buckley,Ted,Ted Buckley,Center Forward,,,,
BullockSteve19661005,Bullock,Steve,Steve Bullock,Defender,,,,
BulloughDenis18951129,Bullough,Denis,Denis Bullough,Center Forward,,,,
BurgessDavid19600120,Burgess,David,David Burgess,Left Back,,Right-Back,,
BurginMeynell19111129,Burgin,Meynell,Meynell Burgin,Center Forward,,,,
BurkeMarshall19590326,Burke,Marshall,Marshall Burke,Defender,,,,
BurnsKinear19230924,Burns,Kinear,Kinear Burns,Outside Right,,,,
BurnsRobbie19901115,Burns,Robbie,Robbie Burns,,Midfielder,Central Midfield,,
BurrowsWilf11902,Burrows,Wilf,Wilf Burrows,Goalkeeper,,,,
BurtonJake20011115,Burton,Jake,Jake Burton,,Forward,Centre-Forward,,
ButlerCharles19080320,Butler,Charles,Charles Butler,Inside Right,,,,
BuxtonAdam19920512,Buxton,Adam,Adam Buxton,,Defender,Right-Back,Left-Back,Centre-Back
ByrneJohn19390525,Byrne,John,John Byrne,Outside Left,,,,
ByrneJohn19490324,Byrne,John,John Byrne,Outside Right,,,,
ByrneNeill19930202,Byrne,Neill,Neill Byrne,,Defender,Centre-Back,,
ByromTom19200317,Byrom,Tom,Tom Byrom,Wing Half,,,,
CahillPaul19550929,Cahill,Paul,Paul Cahill,Defender,,,,
CamdenChris19630528,Camden,Chris,Chris Camden,Center Forward,,,,
CampbellJohnny18941014,Campbell,Johnny,Johnny Campbell,Wing Half,,,,
CampbellLes19350726,Campbell,Les,Les Campbell,Winger,,Left Winger,Attacking Midfield,Right Winger
CampbellTommy19350220,Campbell,Tommy,Tommy Campbell,Center Forward,,,,
CansdellSherriffShane19821110,Cansdell-Sherriff,Shane,Shane Cansdell-Sherriff,,Defender,Left-Back,Centre-Back,
CapriceJake19921111,Caprice,Jake,Jake Caprice,,Defender,Right-Back,Left-Back,Right Midfield
CarlsonGeorge19250727,Carlson,George,George Carlson,Center Forward,,,,
CarmodyMike19660209,Carmody,Mike,Mike Carmody,Midfielder,,,,
CaroleSebastien19820908,Carole,Sebastien,Sebastien Carole,,Midfielder,Right Winger,Attacking Midfield,Right Midfield
CarterJoseph18990727,Carter,Joseph,Joseph Carter,Inside Right,,,,
CartmanBert19000228,Cartman,Bert,Bert Cartman,Outside Left,,,,
CartwrightWilliam19220611,Cartwright,William,William Cartwright,Center Half,,,,
CarvellArthur19110526,Carvell,Arthur,Arthur Carvell,Left Back,,,,
CaseyGerry19410825,Casey,Gerry,Gerry Casey,Half Back,,,,
CassidyJake19930209,Cassidy,Jake,Jake Cassidy,,Forward,Centre-Forward,,
CassidyJames,Cassidy,James,James Cassidy,Inside Left,,,,
CassidyJames19110803,Cassidy,James,James Cassidy,,,Centre-Forward,,
CathalinaTimothy19850124,Cathalina,Timothy,Timothy Cathalina,,Defender,Right-Back,Centre-Back,
ChadwickHarold19190125,Chadwick,Harold,Harold Chadwick,Outside Right,,,,
ChallinorDave19751002,Challinor,Dave,Dave Challinor,Central Defender,Defender,Centre-Back,,
ChalmersBilly19010403,Chalmers,Billy,Billy Chalmers,Outside Left,,,,
ChalmersLogan20000324,Chalmers,Logan,Logan Chalmers,,Forward,Left Winger,Right Winger,
ChamberlainAlec19640620,Chamberlain,Alec,Alec Chamberlain,Goalkeeper,,,,
ChapmanAaron19900529,Chapman,Aaron,Aaron Chapman,,Goalkeeper,Goalkeeper,,
CharltonBilly19001010,Charlton,Billy,Billy Charlton,Inside Left,,,,
CharltonWilf19330912,Charlton,Wilf,Wilf Charlton,Wing Half,,,,
ChecklandFrank18950731,Checkland,Frank,Frank Checkland,Half Back,,,,
ChivertonTed11913,Chiverton,Ted,Ted Chiverton,Right Half,,,,
ChorleyBen19820930,Chorley,Ben,Ben Chorley,,Defender,Centre-Back,Defensive Midfield,
ClarkArchie19020404,Clark,Archie,Archie Clark,Center Half,,,,
ClarkeColin19621030,Clarke,Colin,Colin Clarke,Center Forward,,,,
ClarkeEddie19981229,Clarke,Eddie,Eddie Clarke,,Defender,Left-Back,,
ClarkePeter19820103,Clarke,Peter,Peter Clarke,,Defender,Centre-Back,,
ClaytonGordon19361103,Clayton,Gordon,Gordon Clayton,Goalkeeper,,,,
ClaytonJohn19610820,Clayton,John,John Clayton,Forward,,,,
CliffEddie19510930,Cliff,Eddie,Eddie Cliff,Midfielder,,,,
ClintonTommy19260413,Clinton,Tommy,Tommy Clinton,Fullback,,,,
ColeLarnell19930309,Cole,Larnell,Larnell Cole,,Midfielder,Right Midfield,Attacking Midfield,Left Midfield
ColemanTony19450502,Coleman,Tony,Tony Coleman,Outside Left,,,,
CollingsPaul19680930,Collings,Paul,Paul Collings,Goalkeeper,,,,
CollinsAaron19970527,Collins,Aaron,Aaron Collins,,Forward,Centre-Forward,Right Winger,Left Winger
CollisterJoe19911215,Collister,Joe,Joe Collister,,Goalkeeper,Goalkeeper,,
ConnellySean19700626,Connelly,Sean,Sean Connelly,,Defender,Right-Back,,
ConnerDick19310813,Conner,Dick,Dick Conner,Wing Half,,,,
ConnorBill,Connor,Bill,Bill Connor,Right Back,,,,
ConnorJohn19140201,Connor,John,John Connor,Fullback,,,,
ConroyBobby19290620,Conroy,Bobby,Bobby Conroy,Left Back,,Left-Back,,
CookAndy19901018,Cook,Andy,Andy Cook,,Forward,Centre-Forward,,
CookFred,Cook,Fred,Fred Cook,Outside Right,,,,
CookGeorge1909,Cook,George,George Cook,Fullback,,,,
CookPaul19670222,Cook,Paul,Paul Cook,Midfielder,Midfielder,Central Midfield,Left Midfield,
CooperKevin19750208,Cooper,Kevin,Kevin Cooper,,Midfielder,Left Midfield,,
CooperSteve19640622,Cooper,Steve,Steve Cooper,Forward,,Centre-Forward,,
CoppellSteve19550709,Coppell,Steve,Steve Coppell,Outside Right,,,,
CorryPaul19910203,Corry,Paul,Paul Corry,,Midfielder,Central Midfield,Attacking Midfield,Left Midfield
CoughlinAndy19930131,Coughlin,Andy,Andy Coughlin,,Goalkeeper,Goalkeeper,,
CourtneyJohn19940112,Courtney,John,John Courtney,,,Goalkeeper,,
CoxAlan19200904,Cox,Alan,Alan Cox,Inside Forward,,,,
CoyneDanny19730827,Coyne,Danny,Danny Coyne,Goalkeeper,Goalkeeper,Goalkeeper,,
CoyneJohn19510718,Coyne,John,John Coyne,Forward,,,,
CoyneTommy19621114,Coyne,Tommy,Tommy Coyne,Forward,,Centre-Forward,,
CravenSteve19570917,Craven,Steve,Steve Craven,Midfielder,,,,
CrawfordAli19910730,Crawford,Ali,Ali Crawford,,Midfielder,Left Midfield,Central Midfield,Attacking Midfield
CrawfordBruce19381010,Crawford,Bruce,Bruce Crawford,Wing Half,,,,
CresswellAaron19891215,Cresswell,Aaron,Aaron Cresswell,,Defender,Left-Back,Left Midfield,Centre-Back
CreweBilly19011126,Crewe,Billy,Billy Crewe,Right Half,,,,
CromptonArthur19030109,Crompton,Arthur,Arthur Crompton,Wing Half,,,,
CropperReg19020121,Cropper,Reg,Reg Cropper,Inside Left,,,,
CrossanEddie19251117,Crossan,Eddie,Eddie Crossan,Inside Forward,,,,
CrossleyPaul19480714,Crossley,Paul,Paul Crossley,Forward,,Left Winger,,
CroughanTom19990919,Croughan,Tom,Tom Croughan,,,Second Striker,Attacking Midfield,Central Midfield
CrowtherGeorge21892,Crowther,George,George Crowther,Center Forward,,,,
CrutchleyVic31910,Crutchley,Vic,Vic Crutchley,Right Back,,,,
CumbesJim19440504,Cumbes,Jim,Jim Cumbes,Goalkeeper,,Goalkeeper,,
CunninghamCharlie,Cunningham,Charlie,Charlie Cunningham,Inside Left,,,,
CurnowJack19100131,Curnow,Jack,Jack Curnow,Goalkeeper,,,,
CurranCraig19890823,Curran,Craig,Craig Curran,,Forward,Centre-Forward,Second Striker,Right Winger
CurranFrank19170531,Curran,Frank,Frank Curran,Inside Forward,,,,
CurrieTony19500101,Currie,Tony,Tony Currie,,,Attacking Midfield,,
CurtisCharlie,Curtis,Charlie,Charlie Curtis,Wing Half,,,,
CurtisTom19730301,Curtis,Tom,Tom Curtis,,Midfielder,Central Midfield,,
DArcyFrank19461208,D'Arcy,Frank,Frank D'Arcy,Fullback,,,,
DacresCogleyJosh19960312,Dacres-Cogley,Josh,Josh Dacres-Cogley,,Defender,Right-Back,,
DadiEugene19730820,Dadi,Eugene,Eugene Dadi,,Forward,Centre-Forward,,
DagnallChris19860415,Dagnall,Chris,Chris Dagnall,,Forward,Centre-Forward,Second Striker,
DaleDickie18960521,Dale,Dickie,Dickie Dale,Center Half,,,,
DaltonTim19651014,Dalton,Tim,Tim Dalton,Goalkeeper,,,,
DanielsDonervon19931124,Daniels,Donervon,Donervon Daniels,,Defender,Centre-Back,Right-Back,
DanielsLuke19880105,Daniels,Luke,Luke Daniels,,Goalkeeper,Goalkeeper,,
DannsNeil19821123,Danns,Neil,Neil Danns,,Midfielder,Central Midfield,Left Midfield,Right Midfield
DarvilleLiam19901026,Darville,Liam,Liam Darville,,Defender,Right-Back,,
DaviesBen19950811,Davies,Ben,Ben Davies,,Defender,Centre-Back,Left-Back,
DaviesDai19480401,Davies,Dai,Dai Davies,Goalkeeper,,,,
DaviesErnie,Davies,Ernie,Ernie Davies,Right Half,,,,
DaviesErnie19160131,Davies,Ernie,Ernie Davies,,,,,
DaviesKeith19340219,Davies,Keith,Keith Davies,Inside Forward,,,,
DaviesLiam19960702,Davies,Liam,Liam Davies,,Midfielder,Left Midfield,Left Winger,Right Midfield
DaviesMikey20040923,Davies,Mikey,Mikey Davies,,Defender,Left-Back,,
DaviesRay19311003,Davies,Ray,Ray Davies,Inside Forward,,,,
DaviesScott19870223,Davies,Scott,Scott Davies,,Goalkeeper,Goalkeeper,,
DaviesSteve19871229,Davies,Steve,Steve Davies,,Forward,Centre-Forward,Left Winger,Right Winger
DaviesTom19920418,Davies,Tom,Tom Davies,,Defender,Centre-Back,,
DavisNeil19730815,Davis,Neil,Neil Davis,,,,,
DavisSamuel19000525,Davis,Samuel,Samuel Davis,Right Back,,,,
DavisThomas1911,Davis,Thomas,Thomas Davis,Inside Right,,,,
DavisonJosh19990916,Davison,Josh,Josh Davison,,,Centre-Forward,,
DawsonAdam19921005,Dawson,Adam,Adam Dawson,,Midfielder,Right Winger,Left Winger,
DawsonFrank19081017,Dawson,Frank,Frank Dawson,Left Back,,,,
DayAlf19071002,Day,Alf,Alf Day,Right Half,,,,
DeanDixie19070122,Dean,Dixie,Dixie Dean,Center Forward,,,,
DellowRonnie19140713,Dellow,Ronnie,Ronnie Dellow,Outside Right,,Right Winger,,
DemaineDave19420507,Demaine,Dave,Dave Demaine,Winger,,,,
DempseyJohn19510402,Dempsey,John,John Dempsey,Fullback,,,,
DennisKristian19900312,Dennis,Kristian,Kristian Dennis,,Forward,Centre-Forward,,
DevaneyMartin19800601,Devaney,Martin,Martin Devaney,,Midfielder,Right Midfield,Left Midfield,
DevineJay19990726,Devine,Jay,Jay Devine,,Midfielder,Central Midfield,Defensive Midfield,
DieseruvweEmmanuel19950220,Dieseruvwe,Emmanuel,Emmanuel Dieseruvwe,,Forward,Centre-Forward,,
DillonVince19231002,Dillon,Vince,Vince Dillon,Center Forward,,,,
DixonErnie19010710,Dixon,Ernie,Ernie Dixon,Center Forward,,,,
DockingStan19141213,Docking,Stan,Stan Docking,Inside Left,,,,
DoddErnie19140501,Dodd,Ernie,Ernie Dodd,Right Back,,,,
DoddJim19331212,Dodd,Jim,Jim Dodd,Center Forward,,,,
DonacienJanoi19931103,Donacien,Janoi,Janoi Donacien,,Defender,Centre-Back,Right-Back,
DonaldsonRyan19910501,Donaldson,Ryan,Ryan Donaldson,,Midfielder,Right Winger,Right Midfield,Left Winger
DoneCyril19201021,Done,Cyril,Cyril Done,Center Forward,,,,
DonnellyGeorge19880528,Donnelly,George,George Donnelly,,Forward,Centre-Forward,,
DonnellyRory19920218,Donnelly,Rory,Rory Donnelly,,Forward,Centre-Forward,Right Winger,Left Winger
DoohanRoss19980329,Doohan,Ross,Ross Doohan,,Goalkeeper,Goalkeeper,,
DoonanTom19221005,Doonan,Tom,Tom Doonan,Center Forward,,,,
DrysdaleDeclan19991114,Drysdale,Declan,Declan Drysdale,,Defender,Centre-Back,Defensive Midfield,
DuffStanley11919,Duff,Stanley,Stanley Duff,Outside Left,,,,
DuffyAlan19491220,Duffy,Alan,Alan Duffy,Inside Forward,,,,
DuffyMark19851007,Duffy,Mark,Mark Duffy,,Midfielder,Central Midfield,Attacking Midfield,Right Midfield
DugdaleAdam19870912,Dugdale,Adam,Adam Dugdale,,Defender,Centre-Back,Defensive Midfield,
DugganMitch19970320,Duggan,Mitch,Mitch Duggan,,Defender,Centre-Back,Right-Back,Defensive Midfield
DunnJack19941119,Dunn,Jack,Jack Dunn,,Forward,Second Striker,Left Winger,Right Winger
DwyerDylan20030906,Dwyer,Dylan,Dylan Dwyer,,,Left-Back,,
DysonBarry19420906,Dyson,Barry,Barry Dyson,Inside Forward,,,,
EasthamHarry19170630,Eastham,Harry,Harry Eastham,Inside Left,,,,
EatonSteve19591225,Eaton,Steve,Steve Eaton,Defender,,,,
EcclestonNathan19901230,Eccleston,Nathan,Nathan Eccleston,,Forward,Centre-Forward,Right Winger,Left Winger
EddsGareth19810203,Edds,Gareth,Gareth Edds,,Midfielder,Defensive Midfield,,
EdenBilly19050701,Eden,Billy,Billy Eden,Outside Left,,Left Winger,,
EdwardsChristian19751123,Edwards,Christian,Christian Edwards,,Defender,Centre-Back,,
EdwardsElfyn19600504,Edwards,Elfyn,Elfyn Edwards,Center Half,,,,
EdwardsMalcolm19391025,Edwards,Malcolm,Malcolm Edwards,Left Half,,,,
EdwardsMike19740910,Edwards,Mike,Mike Edwards,Midfielder,,,,
EdwardsRyan19931007,Edwards,Ryan,Ryan Edwards,,Midfielder,Centre-Back,Right-Back,
EdwardsSteve19580111,Edwards,Steve,Steve Edwards,Defender,,,,
EdwardsWilliam,Edwards,William,William Edwards,Right Half,,,,
EglingtonTommy19230115,Eglington,Tommy,Tommy Eglington,Outside Left,,,,
ElfordAlliyuLateef19920601,Elford-Alliyu,Lateef,Lateef Elford-Alliyu,,Forward,Centre-Forward,Left Winger,Right Winger
EllisMark19880930,Ellis,Mark,Mark Ellis,,Defender,Centre-Back,,
EllisonKevin19790223,Ellison,Kevin,Kevin Ellison,,Midfielder,Left Winger,Centre-Forward,
EllisonNorman19291102,Ellison,Norman,Norman Ellison,Outside Right,,,,
EndersbyScott19620220,Endersby,Scott,Scott Endersby,Goalkeeper,,Goalkeeper,,
EvansBernard19370104,Evans,Bernard,Bernard Evans,Center Forward,,,,
EvansClive19570501,Evans,Clive,Clive Evans,Midfielder,,Central Midfield,,
EvansDennis19350723,Evans,Dennis,Dennis Evans,Fullback,,,,
EvansHerbie18940830,Evans,Herbie,Herbie Evans,Half Back,,,,
EvansJabez18950429,Evans,Jabez,Jabez Evans,Outside Left,,,,
FaceyDelroy19800422,Facey,Delroy,Delroy Facey,,Forward,Centre-Forward,,
FaganKit19500605,Fagan,Kit,Kit Fagan,Wing Half,,Centre-Back,,
FaircloughDavid19570105,Fairclough,David,David Fairclough,Forward,,Centre-Forward,,
FaircloughPeter,Fairclough,Peter,Peter Fairclough,Left Half,,,,
FairhurstDick19110905,Fairhurst,Dick,Dick Fairhurst,Right Back,,,,
FanimoMatthias19940128,Fanimo,Matthias,Matthias Fanimo,,Midfielder,Right Winger,Left Winger,
FarnworthSimon19631028,Farnworth,Simon,Simon Farnworth,Goalkeeper,,,,
FarrellPeter19220816,Farrell,Peter,Peter Farrell,Wing Half,,,,
FarrimondSyd19400717,Farrimond,Syd,Syd Farrimond,Left Back,,Left-Back,,
FeeneyLiam19870121,Feeney,Liam,Liam Feeney,,Midfielder,Right Midfield,Left Midfield,
FeeneyMorgan19990208,Feeney,Morgan,Morgan Feeney,,Defender,Centre-Back,,
FenelonShamir19940803,Fenelon,Shamir,Shamir Fenelon,,Forward,Centre-Forward,Right Winger,Left Winger
FenwickScott19900409,Fenwick,Scott,Scott Fenwick,,Forward,Centre-Forward,,
FergusonMark19601106,Ferguson,Mark,Mark Ferguson,Forward,,Centre-Forward,,
FerrierMorgan19941115,Ferrier,Morgan,Morgan Ferrier,,Forward,Left Winger,Centre-Forward,Right Winger
FeuerIan19710520,Feuer,Ian,Ian Feuer,,Goalkeeper,Goalkeeper,,
FinlayPat19380318,Finlay,Pat,Pat Finlay,Left Back,,,,
FinleySam19920804,Finley,Sam,Sam Finley,,,Central Midfield,Right Midfield,Attacking Midfield
FinneyKen19290310,Finney,Ken,Ken Finney,Outside Right,,Right Winger,,
FisherMax20031003,Fisher,Max,Max Fisher,,Midfielder,Centre-Forward,,
FishwickBert11899,Fishwick,Bert,Bert Fishwick,Inside Left,,,,
FlanaganJack11902,Flanagan,Jack,Jack Flanagan,Center Forward,,,,
FlemingJack19990110,Fleming,Jack,Jack Fleming,,,Centre-Back,Left-Back,
FlemingMike19280223,Fleming,Mike,Mike Fleming,Inside Forward,,,,
FloodEddie19521119,Flood,Eddie,Eddie Flood,Fullback,,Left-Back,Centre-Back,
FlowersGeorge19070507,Flowers,George,George Flowers,Left Half,,,,
FlynnSean19680313,Flynn,Sean,Sean Flynn,,Midfielder,Central Midfield,,
FoggBilly19030309,Fogg,Billy,Billy Fogg,Inside Right,,,,
FoleySam19861017,Foley,Sam,Sam Foley,,Midfielder,Central Midfield,Left Midfield,Right Midfield
FonWilliamsOwain19870317,Fon Williams,Owain,Owain Fon Williams,,Goalkeeper,Goalkeeper,,
FordJohn,Ford,John,John Ford,Inside Right,,,,
ForshawAllen,Forshaw,Allen,Allen Forshaw,Right Back,,,,
ForshawArthur31913,Forshaw,Arthur,Arthur Forshaw,Outside Right,,,,
FosterStephen19800918,Foster,Stephen,Stephen Foster,,Defender,Centre-Back,,
FosterWilliam,Foster,William,William Foster,Center Forward,,,,
FrailStephen19690810,Frail,Stephen,Stephen Frail,,Defender,Right-Back,Defensive Midfield,Defensive Midfield
FrancisSimon19850216,Francis,Simon,Simon Francis,,Defender,Right-Back,Centre-Back,
FraserNathan19130416,Fraser,Nathan,Nathan Fraser,Center Forward,,,,
FraughanRyan19910211,Fraughan,Ryan,Ryan Fraughan,,Midfielder,Central Midfield,Left Midfield,
FrithDavid19290317,Frith,David,David Frith,Fullback,,,,
FrostWinston21911,Frost,Winston,Winston Frost,Goalkeeper,,,,
FryeJohn19330727,Frye,John,John Frye,Inside Forward,,,,
FultonDavid18951016,Fulton,David,David Fulton,Center Forward,,,,
GardnerDan19900405,Gardner,Dan,Dan Gardner,,Forward,Central Midfield,Right Midfield,Left Midfield
GarnettShaun19691122,Garnett,Shaun,Shaun Garnett,Central Defender,,Centre-Back,,
GaskellAlec19320730,Gaskell,Alec,Alec Gaskell,Center Forward,,,,
GeorgeShamal19980106,George,Shamal,Shamal George,,Goalkeeper,Goalkeeper,,
GibsonBen19930115,Gibson,Ben,Ben Gibson,,Defender,Centre-Back,,
GibsonNeil19791010,Gibson,Neil,Neil Gibson,,Midfielder,Central Midfield,,
GibsonWilliam19260917,Gibson,William,William Gibson,Fullback,,,,
GillFrancis11897,Gill,Francis,Francis Gill,Goalkeeper,,,,
GillFrank19481205,Gill,Frank,Frank Gill,Winger,,,,
GillMatt19801108,Gill,Matt,Matt Gill,,Midfielder,Defensive Midfield,Central Midfield,
GillWayne19751128,Gill,Wayne,Wayne Gill,,Midfielder,Attacking Midfielder,,
GilmourHarvey19981215,Gilmour,Harvey,Harvey Gilmour,,Midfielder,Central Midfield,Attacking Midfield,Left Midfield
GinnellyJosh19970324,Ginnelly,Josh,Josh Ginnelly,,Forward,Left Winger,Right Winger,Centre-Forward
GlasperWilliam41910,Glasper,William,William Glasper,Right Half,,,,
GlatzelPaul20010220,Glatzel,Paul,Paul Glatzel,,Forward,Centre-Forward,,
GlennonChris19491029,Glennon,Chris,Chris Glennon,Forward,,,,
GnanduilletArmand19920213,Gnanduillet,Armand,Armand Gnanduillet,,Forward,Centre-Forward,,
GodwinVerdi19260211,Godwin,Verdi,Verdi Godwin,Center Forward,,,,
GolobartRoman19920321,Golobart,Roman,Roman Golobart,,Defender,Centre-Back,,
GoodJohn19330129,Good,John,John Good,Outside Right,,,,
GoodisonIan19721121,Goodison,Ian,Ian Goodison,,Defender,Centre-Back,Right-Back,
GoodlassRonnie19530906,Goodlass,Ronnie,Ronnie Goodlass,Outside Left,,,,
GordonBen19910302,Gordon,Ben,Ben Gordon,,Defender,Left-Back,,
GornellTerry19891216,Gornell,Terry,Terry Gornell,,Forward,Centre-Forward,Second Striker,
GortonAndy19660923,Gorton,Andy,Andy Gorton,Goalkeeper,,,,
GouldHarry19250105,Gould,Harry,Harry Gould,Inside Forward,,,,
GouldbourneEthan20001010,Gouldbourne,Ethan,Ethan Gouldbourne,,Midfielder,,,
GouldbourneEthan20001110,Gouldbourne,Ethan,Ethan Gouldbourne,,,Central Midfield,,
GrahamBobby19441122,Graham,Bobby,Bobby Graham,Forward,,,,
GraingerJohn1896,Grainger,John,John Grainger,Right Back,,,,
GrandisonJermaine19901205,Grandison,Jermaine,Jermaine Grandison,,Defender,Centre-Back,,
GrantTony19741114,Grant,Tony,Tony Grant,,Midfielder,Defensive Midfield,Central Midfield,
GrayAlbert19000923,Gray,Albert,Albert Gray,Goalkeeper,,,,
GrayKevin19720107,Gray,Kevin,Kevin Gray,,Defender,Centre-Back,,
GrayMatthew19070418,Gray,Matthew,Matthew Gray,Left Half,,,,
GrayRobert19031007,Gray,Robert,Robert Gray,Left Half,,,,
GreenDevarn19960826,Green,Devarn,Devarn Green,,Forward,Right Winger,Centre-Forward,Left Winger
GreenGeorge19960102,Green,George,George Green,,Midfielder,Attacking Midfield,Left Winger,Right Winger
GreenJohnny19390522,Green,Johnny,Johnny Green,Inside Forward,,,,
GreenacreChris19771223,Greenacre,Chris,Chris Greenacre,,Forward,Centre-Forward,,
GreenwoodRoy19520926,Greenwood,Roy,Roy Greenwood,Forward,,,,
GriersonDarrell19681030,Grierson,Darrell,Darrell Grierson,Goalkeeper,,,,
GriffithsClive19550122,Griffiths,Clive,Clive Griffiths,Central Defender,,,,
GriffithsDavid19510525,Griffiths,David,David Griffiths,Fullback,,,,
GriffithsIan19600417,Griffiths,Ian,Ian Griffiths,Outside Left,,Left Midfield,,
GriffithsJames1918,Griffiths,James,James Griffiths,Outside Left,,,,
GriffithsJoe1892,Griffiths,Joe,Joe Griffiths,Outside Left,,,,
GriffithsJohn19160630,Griffiths,John,John Griffiths,,,,,
GrovesFred18920506,Groves,Fred,Fred Groves,Inside Right,,,,
GubbinsRalph19320131,Gubbins,Ralph,Ralph Gubbins,Inside Forward,,Centre-Forward,,
GulacsiPeter19900506,Gulacsi,Peter,Peter Gulacsi,,Goalkeeper,Goalkeeper,,
GumbsEvan19970721,Gumbs,Evan,Evan Gumbs,,Defender,Centre-Back,,
GunningGavin19910126,Gunning,Gavin,Gavin Gunning,,Defender,Centre-Back,Left-Back,Defensive Midfield
GwatkinPhil19290805,Gwatkin,Phil,Phil Gwatkin,Outside Right,,,,
HaganAlf18931111,Hagan,Alf,Alf Hagan,Inside Forward,,,,
HallPaul19720703,Hall,Paul,Paul Hall,,Midfielder,Centre-Forward,Right Winger,
HallTony19690117,Hall,Tony,Tony Hall,Defender,,,,
HalsteadFred41896,Halstead,Fred,Fred Halstead,Center Half,,,,
HamiltonBryan19461221,Hamilton,Bryan,Bryan Hamilton,Midfielder,,,,
HamiltonDes19760815,Hamilton,Des,Des Hamilton,,Midfielder,Right Midfield,Central Midfield,
HamiltonDuke19060327,Hamilton,Duke,Duke Hamilton,Right Back,,,,
HarlockDes19221220,Harlock,Des,Des Harlock,Outside Right,,,,
HarrisAlbert19311121,Harris,Albert,Albert Harris,Goalkeeper,,,,
HarrisJay19870415,Harris,Jay,Jay Harris,,Midfielder,Central Midfield,Attacking Midfield,Defensive Midfield
HarrisJimmy19330818,Harris,Jimmy,Jimmy Harris,Center Forward,,,,
HarrisonDanny19821104,Harrison,Danny,Danny Harrison,,Midfielder,Central Midfield,Defensive Midfield,Centre-Back
HarropBobby19360825,Harrop,Bobby,Bobby Harrop,Wing Half,,,,
HartJoe19870419,Hart,Joe,Joe Hart,,Goalkeeper,Goalkeeper,,
HarveyJimmy19580502,Harvey,Jimmy,Jimmy Harvey,Midfielder,,Central Midfield,,
HateleyTom19890912,Hateley,Tom,Tom Hateley,,Midfielder,Defensive Midfield,Right-Back,Central Midfield
HawardenAndrew18950630,Hawarden,Andrew,Andrew Hawarden,Left Half,,,,
HawkesJosh19990128,Hawkes,Josh,Josh Hawkes,,Midfielder,Left Midfield,Central Midfield,Attacking Midfield
HaworthSimon19770330,Haworth,Simon,Simon Haworth,,Forward,Centre-Forward,,
HayAlan19581128,Hay,Alan,Alan Hay,Left Back,,,,
HayAlex19811014,Hay,Alex,Alex Hay,,Forward,Centre-Forward,Right Winger,
HaydeKyle20010925,Hayde,Kyle,Kyle Hayde,,Defender,Right-Back,Left-Back,
HayesCharlie18931207,Hayes,Charlie,Charlie Hayes,Right Back,,,,
HayesFred,Hayes,Fred,Fred Hayes,Inside Left,,,,
HayesJohn,Hayes,John,John Hayes,Inside Forward,,,,
HazellReuben19790424,Hazell,Reuben,Reuben Hazell,,Defender,Centre-Back,Right-Back,
HeapStuart19650207,Heap,Stuart,Stuart Heap,Forward,,,,
HeathJohn19360605,Heath,John,John Heath,Goalkeeper,,,,
HeathSeamus19611206,Heath,Seamus,Seamus Heath,Midfielder,,,,
HemmingsKane19910408,Hemmings,Kane,Kane Hemmings,,Forward,Centre-Forward,Left Winger,Right Winger
HendryRegan19980121,Hendry,Regan,Regan Hendry,,Midfielder,Central Midfield,Defensive Midfield,Attacking Midfield
HenryNick19690221,Henry,Nick,Nick Henry,,Midfielder,Central Midfield,,
HenryPaul19880128,Henry,Paul,Paul Henry,,Midfielder,Defensive Midfield,,
HenshawErnie19101128,Henshaw,Ernie,Ernie Henshaw,Center Forward,,,,
HepburnMurphyRushian19980828,Hepburn-Murphy,Rushian,Rushian Hepburn-Murphy,,Forward,Centre-Forward,Second Striker,Right Winger
HeslopTom,Heslop,Tom,Tom Heslop,Left Half,,,,
HeweltMateusz19960923,Hewelt,Mateusz,Mateusz Hewelt,,Goalkeeper,Goalkeeper,,
HeydonJackie19281019,Heydon,Jackie,Jackie Heydon,Right Half,,,,
HeywoodBert31913,Heywood,Bert,Bert Heywood,Outside Right,,,,
HicksonDave19291030,Hickson,Dave,Dave Hickson,Center Forward,,Centre-Forward,,
HigdonMichael19830902,Higdon,Michael,Michael Higdon,,Forward,Centre-Forward,Second Striker,Right Winger
HigginsDave19610819,Higgins,Dave,Dave Higgins,Central Defender,Defender,Centre-Back,,
HilditchMark19600820,Hilditch,Mark,Mark Hilditch,Center Forward,,Centre-Forward,,
HillAlan19330701,Hill,Alan,Alan Hill,Outside Left,,,,
HillClint19781019,Hill,Clint,Clint Hill,,Defender,Centre-Back,Left-Back,
HillMandy19400215,Hill,Mandy,Mandy Hill,Outside Right,,Right Winger,,
HillMatt19810326,Hill,Matt,Matt Hill,,Defender,Left-Back,,
HillReginald1907,Hill,Reginald,Reginald Hill,Center Half,,,,
HiltonHarold18891113,Hilton,Harold,Harold Hilton,Inside Right,,,,
HinchJimmy19471108,Hinch,Jimmy,Jimmy Hinch,Center Forward,,,,
HinchliffeBen19881009,Hinchliffe,Ben,Ben Hinchliffe,,Goalkeeper,Goalkeeper,,
HindsRichard19800822,Hinds,Richard,Richard Hinds,,Defender,Centre-Back,Right-Back,
HockenhullBen20010903,Hockenhull,Ben,Ben Hockenhull,,Defender,Centre-Back,,
HodgsonLaurie19170119,Hodgson,Laurie,Laurie Hodgson,Fullback,,,,
HoganLiam19890208,Hogan,Liam,Liam Hogan,,Defender,Centre-Back,Right-Back,
HolderAlan19311210,Holder,Alan,Alan Holder,Forward,,,,
HollifieldMike19610502,Hollifield,Mike,Mike Hollifield,Fullback,,,,
HolmesDanny19890106,Holmes,Danny,Danny Holmes,,Defender,Right-Back,Left-Back,Centre-Back
HolnessMarcus19881208,Holness,Marcus,Marcus Holness,,Defender,Centre-Back,,
HoodJackie19380108,Hood,Jackie,Jackie Hood,Inside Forward,,,,
HopkinsonSamuel19020209,Hopkinson,Samuel,Samuel Hopkinson,Left Half,,,,
HornbyEric19230331,Hornby,Eric,Eric Hornby,Fullback,,,,
HorwoodEvan19860310,Horwood,Evan,Evan Horwood,,Defender,Left-Back,,
HorwoodNeil19640804,Horwood,Neil,Neil Horwood,Center Forward,,,,
HotiFlorent20001211,Hoti,Florent,Florent Hoti,,Midfielder,Central Midfield,Defensive Midfield,Left Midfield
HowarthRussell19820327,Howarth,Russell,Russell Howarth,,Goalkeeper,Goalkeeper,,
HudsonGeorge19370314,Hudson,George,George Hudson,Center Forward,,Centre-Forward,,
HughesDavid19430427,Hughes,David,David Hughes,Winger,,,,
HughesJeff19850529,Hughes,Jeff,Jeff Hughes,,Midfielder,Central Midfield,Left Midfield,Left-Back
HughesMark19620203,Hughes,Mark,Mark Hughes,Central Defender,,Centre-Back,Sweeper,
HughesRhys20010921,Hughes,Rhys,Rhys Hughes,,Midfielder,Central Midfield,Left Midfield,Right Midfield
HughesThomas,Hughes,Thomas,Thomas Hughes,Outside Left,,,,
HugillJordan19920604,Hugill,Jordan,Jordan Hugill,,Forward,Centre-Forward,,
HumeIain19831030,Hume,Iain,Iain Hume,,Forward,Centre-Forward,,
HuntRobert,Hunt,Robert,Robert Hunt,Outside Right,,,,
HutchinsonBobby19530619,Hutchinson,Bobby,Bobby Hutchinson,Midfielder,,,,
HyamJames,Hyam,James,James Hyam,Center Forward,,,,
IcetonLloyd19200330,Iceton,Lloyd,Lloyd Iceton,Outside Left,,,,
IhiekweMichael19921120,Ihiekwe,Michael,Michael Ihiekwe,,Defender,Centre-Back,Right-Back,
IlesanmiSam19980713,Ilesanmi,Sam,Sam Ilesanmi,,Forward,Centre-Forward,,
ImlachMike19620919,Imlach,Mike,Mike Imlach,Defender,,,,
IronsKenny19701104,Irons,Kenny,Kenny Irons,Midfielder,Midfielder,Attacking Midfield,,
JackAndrew19230630,Jack,Andrew,Andrew Jack,Center Forward,,,,
JacksonArchie19010125,Jackson,Archie,Archie Jackson,Center Half,,,,
JacksonDavid19370123,Jackson,David,David Jackson,Inside Forward,,,,
JacksonGeorge18930617,Jackson,George,George Jackson,Fullback,,,,
JacksonJimmy18960414,Jackson,Jimmy,Jimmy Jackson,Inside Forward,,,,
JacksonMarlon19901206,Jackson,Marlon,Marlon Jackson,,Forward,Centre-Forward,Left Winger,Right Winger
JacksonMike19731204,Jackson,Mike,Mike Jackson,,Defender,Centre-Back,,
JacksonPeter19370123,Jackson,Peter,Peter Jackson,Center Half,,Centre-Back,Defensive Midfield,
JacksonWiliam19241208,Jackson,Wiliam,Wiliam Jackson,Half Back,,,,
JacksonWilliam,Jackson,William,William Jackson,Fullback,,,,
JagoBen19960904,Jago,Ben,Ben Jago,,Midfielder,Right Midfield,Right-Back,
JahraldoMartinCalaum19930427,Jahraldo-Martin,Calaum,Calaum Jahraldo-Martin,,Forward,Right Winger,Left Winger,
JamesJohn19481024,James,John,John James,Forward,,,,
JamesOliver19870113,James,Oliver,Oliver James,,Midfielder,Central Midfield,Centre-Back,
JamesonKyle19980911,Jameson,Kyle,Kyle Jameson,,Defender,Centre-Back,Left-Back,
JeffesAlbert18971001,Jeffes,Albert,Albert Jeffes,Half Back,,,,
JenningsConnor19911029,Jennings,Connor,Connor Jennings,,Forward,Centre-Forward,Left Winger,Right Winger
JenningsDale19921221,Jennings,Dale,Dale Jennings,,Midfielder,Left Winger,Centre-Forward,Right Winger
JenningsSteven19841028,Jennings,Steven,Steven Jennings,,Midfielder,Central Midfield,Defensive Midfield,
JervisJake19910917,Jervis,Jake,Jake Jervis,,Forward,Centre-Forward,Right Winger,Left Winger
JobsonRichard19630509,Jobson,Richard,Richard Jobson,,Defender,Centre-Back,,
JohnsonBrian19481029,Johnson,Brian,Brian Johnson,Half Back,,,,
JohnsonDanny19930228,Johnson,Danny,Danny Johnson,,Forward,Centre-Forward,,
JohnsonDavid19510417,Johnson,David,David Johnson,Goalkeeper,,,,
JohnsonDickie19530220,Johnson,Dickie,Dickie Johnson,Goalkeeper,,Goalkeeper,,
JohnsonJohn19880916,Johnson,John,John Johnson,,Defender,Centre-Back,Right-Back,
JohnsonJohn41906,Johnson,John,John Johnson,Half Back,,,,
JohnstonMichael19871216,Johnston,Michael,Michael Johnston,,Defender,Centre-Back,Left-Back,Right-Back
JohnstoneRobert19180913,Johnstone,Robert,Robert Johnstone,Fullback,,,,
JolleyCharlie19360303,Jolley,Charlie,Charlie Jolley,Center Forward,,,,
JolleyCharlie20010113,Jolley,Charlie,Charlie Jolley,,Forward,Centre-Forward,,
JonesAndrai19920101,Jones,Andrai,Andrai Jones,,Defender,Attacking Midfield,Central Midfield,Right Midfield
JonesBen20001129,Jones,Ben,Ben Jones,,Goalkeeper,Goalkeeper,,
JonesBenny19200323,Jones,Benny,Benny Jones,Winger,,,,
JonesDerek19290424,Jones,Derek,Derek Jones,Fullback,,,,
JonesEthan19980404,Jones,Ethan,Ethan Jones,,Forward,Centre-Forward,,
JonesEthan20041016,Jones,Ethan,Ethan Jones,,Defender,Central Midfield,Attacking Midfield,
JonesGary19750510,Jones,Gary,Gary Jones,Center Forward,Midfielder,Central Midfield,Striker,Centre-Back
JonesGwyn11912,Jones,Gwyn,Gwyn Jones,Left Back,,,,
JonesGwyn19120221,Jones,Gwyn,Gwyn Jones,,,,,
JonesLee19730529,Jones,Lee,Lee Jones,Forward,Forward,Centre-Forward,,
JonesLes19401109,Jones,Les,Les Jones,Inside Right,,Second Striker,,
JonesMartin19750327,Jones,Martin,Martin Jones,Goalkeeper,,,,
JonesMike19870815,Jones,Mike,Mike Jones,,Midfielder,Central Midfield,Left Midfield,Right Midfield
JonesOssie19090115,Jones,Ossie,Ossie Jones,Inside Right,,,,
JonesRobert1911,Jones,Robert,Robert Jones,Left Back,,,,
JonesTommy19091206,Jones,Tommy,Tommy Jones,Outside Right,,,,
JoyBrian19510226,Joy,Brian,Brian Joy,Fullback,,,,
KaneOusmane20010723,Kané,Ousmane,Ousmane Kané,,,Defensive Midfield,Central Midfield,
KanéOusmane20010723,Kané,Ousmane,Ousmane Kané,,Midfielder,,,
KayAntony19821021,Kay,Antony,Antony Kay,,Defender,Defensive Midfield,Centre-Back,Central Midfield
KayJosh19970130,Kay,Josh,Josh Kay,,Midfielder,Left Midfield,Central Midfield,Right Midfield
KayMichael19890912,Kay,Michael,Michael Kay,,Defender,Right-Back,Centre-Back,
KearneySidney19170328,Kearney,Sidney,Sidney Kearney,Inside Left,,,,
KearnsJack19140104,Kearns,Jack,Jack Kearns,,,,,
KearnsJack1915,Kearns,Jack,Jack Kearns,Right Back,,,,
KellyCharles18940614,Kelly,Charles,Charles Kelly,Inside Right,,,,
KellyDavid19651125,Kelly,David,David Kelly,,Forward,Centre-Forward,,
KellyJohn19601020,Kelly,John,John Kelly,Inside Forward,,,,
KellyNoel19211228,Kelly,Noel,Noel Kelly,Inside Forward,,,,
KellyRobert19641221,Kelly,Robert,Robert Kelly,Midfielder,,,,
KennaJeff19700827,Kenna,Jeff,Jeff Kenna,,Defender,Right-Back,Left-Back,
KennedyAndy18950901,Kennedy,Andy,Andy Kennedy,Left Back,,,,
KennedyDavid19490214,Kennedy,David,David Kennedy,Outside Right,,,,
KennedyJack,Kennedy,Jack,Jack Kennedy,Inside Left,,,,
KennedyMatthew19941101,Kennedy,Matthew,Matthew Kennedy,,Forward,Left Winger,Right Winger,Centre-Forward
KennedyPeter,Kennedy,Peter,Peter Kennedy,,,Goalkeeper,,
KennyBilly19511023,Kenny,Billy,Billy Kenny,Midfielder,,,,
KenworthyJon19740818,Kenworthy,Jon,Jon Kenworthy,Outside Right,,,,
KerrJohn19591123,Kerr,John,John Kerr,Center Forward,,Centre-Forward,,
KhanOtis19950905,Khan,Otis,Otis Khan,,Midfielder,Left Winger,Right Midfield,Left Midfield
KiddJackie19360115,Kidd,Jackie,Jackie Kidd,Forward,,,,
KieranLen19260725,Kieran,Len,Len Kieran,Left Half,,,,
KimberleyJohn21899,Kimberley,John,John Kimberley,Center Forward,,,,
KingAlan19450118,King,Alan,Alan King,Left Half,,Centre-Back,Defensive Midfield,
KingHerbert11911,King,Herbert,Herbert King,Inside Forward,,,,
KingJohnny19380415,King,Johnny,Johnny King,Wing Half,,Central Midfield,,
KinsellaPat19431108,Kinsella,Pat,Pat Kinsella,Forward,,,,
KirbyJake19940509,Kirby,Jake,Jake Kirby,,Midfielder,Right Midfield,Left Midfield,
KirbyNya20000131,Kirby,Nya,Nya Kirby,,Midfielder,Central Midfield,Attacking Midfield,Left Midfield
KitchingHarry31905,Kitching,Harry,Harry Kitching,Inside Forward,,,,
KnappTony19361013,Knapp,Tony,Tony Knapp,Center Half,,,,
KnightPercivalNat19870331,Knight-Percival,Nat,Nat Knight-Percival,,Defender,Centre-Back,Left-Back,
KoumasJason19790925,Koumas,Jason,Jason Koumas,,Midfielder,Attacking Midfield,Left Winger,Right Winger
KubickiDariusz19630606,Kubicki,Dariusz,Dariusz Kubicki,,Defender,Right-Back,Left-Back,
LabadieJoss19900830,Labadie,Joss,Joss Labadie,,Midfielder,Central Midfield,Defensive Midfield,Attacking Midfield
LaceyLuis20050109,Lacey,Luis,Luis Lacey,,,Left-Back,Left Winger,Central Midfield
LairdMarc19860123,Laird,Marc,Marc Laird,,Midfielder,Central Midfield,Defensive Midfield,Left Midfield
LambHarry19250603,Lamb,Harry,Harry Lamb,Forward,,,,
LamontBill19261225,Lamont,Bill,Bill Lamont,Fullback,,,,
LancasterDes19370716,Lancaster,Des,Des Lancaster,Outside Left,,,,
LaneFrankie19480720,Lane,Frankie,Frankie Lane,Goalkeeper,,,,
LawrenceTommy19400514,Lawrence,Tommy,Tommy Lawrence,Goalkeeper,,Goalkeeper,,
LeCornuCraig19600917,Le Cornu,Craig,Craig Le Cornu,Midfielder,,,,
LeakeJake20030220,Leake,Jake,Jake Leake,,Defender,Left-Back,,
LearyRex41897,Leary,Rex,Rex Leary,Center Half,,,,
LeeAndy19620914,Lee,Andy,Andy Lee,Midfielder,,,,
LeemingCliff19200202,Leeming,Cliff,Cliff Leeming,Inside Forward,,,,
LeonardMark19620927,Leonard,Mark,Mark Leonard,Center Forward,,,,
LeslieAlex1902,Leslie,Alex,Alex Leslie,Right Half,,,,
LewinsGeorge19060716,Lewins,George,George Lewins,Right Back,,,,
LewisCyril19090410,Lewis,Cyril,Cyril Lewis,Outside Right,,,,
LewisGinger11902,Lewis,Ginger,Ginger Lewis,Left Half,,,,
LewisJoseph,Lewis,Joseph,Joseph Lewis,Right Back,,,,
LewisNorman19080613,Lewis,Norman,Norman Lewis,Goalkeeper,,Goalkeeper,,
LewisPaul19941217,Lewis,Paul,Paul Lewis,,Midfielder,Central Midfield,Attacking Midfield,Right Midfield
LeylandHarry19300512,Leyland,Harry,Harry Leyland,Goalkeeper,,Goalkeeper,,
LinwoodPaul19831024,Linwood,Paul,Paul Linwood,,Defender,Centre-Back,,
LittlehalesHarry19010826,Littlehales,Harry,Harry Littlehales,Inside Forward,,,,
LivingstoneDuggie18980225,Livingstone,Duggie,Duggie Livingstone,Left Back,,,,
LloydDanny19911203,Lloyd,Danny,Danny Lloyd,,Midfielder,Centre-Forward,Right Winger,Left Winger
LloydEvan,Lloyd,Evan,Evan Lloyd,Center Forward,,,,
LloydHarold19200312,Lloyd,Harold,Harold Lloyd,Goalkeeper,,,,
LoganShaleum19880129,Logan,Shaleum,Shaleum Logan,,Defender,Right-Back,Right Midfield,Left-Back
LomaxArthur20040517,Lomax,Arthur,Arthur Lomax,,Midfielder,Attacking Midfield,Right Midfield,Left Midfield
LomaxJohn,Lomax,John,John Lomax,Inside Left,,,,
LongNick20010110,Long,Nick,Nick Long,,,Centre-Back,,
LoranTyrone19810629,Loran,Tyrone,Tyrone Loran,,Defender,Right-Back,Centre-Back,
LorensonRoy19320408,Lorenson,Roy,Roy Lorenson,Center Half,,,,
LornieJack19390302,Lornie,Jack,Jack Lornie,Outside Right,,,,
LoweRyan19780918,Lowe,Ryan,Ryan Lowe,,Forward,Centre-Forward,Second Striker,Right Winger
LoydenEddie19451222,Loyden,Eddie,Eddie Loyden,Center Forward,,Centre-Forward,,
LucyCallum19881109,Lucy,Callum,Callum Lucy,,Midfielder,,,
LucyCallum19981109,Lucy,Callum,Callum Lucy,,,Central Midfield,Attacking Midfield,Defensive Midfield
LumbyJim19541002,Lumby,Jim,Jim Lumby,Forward,,,,
MacDonaldCalum19971218,MacDonald,Calum,Calum MacDonald,,Defender,Left-Back,,
MacDonaldJohn19210901,MacDonald,John,John MacDonald,Fullback,,,,
MacDonaldWillie,MacDonald,Willie,Willie MacDonald,Inside Right,,,,
MacNameeJohn19420731,MacNamee,John,John MacNamee,Winger,,,,
MacauleyJosh19910302,Macauley,Josh,Josh Macauley,,Forward,Centre-Forward,,
MackayWilliam,Mackay,William,William Mackay,Outside Right,,,,
MackrethJack19920413,Mackreth,Jack,Jack Mackreth,,Forward,Right Midfield,Central Midfield,
MaddocksEmlyn19170706,Maddocks,Emlyn,Emlyn Maddocks,Center Forward,,,,
MaddoxJacob19981103,Maddox,Jacob,Jacob Maddox,,Midfielder,Attacking Midfield,Right Midfield,Left Midfield
MadjoGuy19840601,Madjo,Guy,Guy Madjo,,Forward,Centre-Forward,,
MaguireJoe19960118,Maguire,Joe,Joe Maguire,,Defender,Left-Back,Centre-Back,Right-Back
MaherAiden19461201,Maher,Aiden,Aiden Maher,Outside Left,,,,
MaherBen19950928,Maher,Ben,Ben Maher,,Midfielder,Central Midfield,Centre-Forward,Right-Back
MaherCyril21918,Maher,Cyril,Cyril Maher,Outside Right,,,,
MahonAlan19780404,Mahon,Alan,Alan Mahon,Midfielder,Midfielder,Left Midfield,Attacking Midfield,
MajorBill19110114,Major,Bill,Bill Major,Center Half,,,,
MalcolmJohn19170520,Malcolm,John,John Malcolm,Half Back,,,,
MalkinChris19670604,Malkin,Chris,Chris Malkin,Striker,,Centre-Forward,,
ManganAndy19860830,Mangan,Andy,Andy Mangan,,Forward,Centre-Forward,Right Winger,Left Winger
ManningJohn19401211,Manning,John,John Manning,Center Forward,,,,
MantomSam19920220,Mantom,Sam,Sam Mantom,,Midfielder,Central Midfield,Defensive Midfield,
MargettsJohnny19930928,Margetts,Johnny,Johnny Margetts,,Forward,Centre-Forward,Second Striker,
MarquisFred18990615,Marquis,Fred,Fred Marquis,Center Forward,,,,
MartinBarrie19350929,Martin,Barrie,Barrie Martin,Left Back,,Left-Back,,
MartinDavid19860122,Martin,David,David Martin,,Goalkeeper,Goalkeeper,,
MartindaleDave19640409,Martindale,Dave,Dave Martindale,Midfielder,,Central Midfield,Defensive Midfield,
MathiasRay19461213,Mathias,Ray,Ray Mathias,Fullback,,Right-Back,,
MatiasPedroMiguel19731011,Matias,Pedro Miguel,Pedro Miguel Matias,,Midfielder,Left Winger,,
MatthewsVince18960115,Matthews,Vince,Vince Matthews,Center Half,,,,
MaynardLois19890122,Maynard,Lois,Lois Maynard,,Defender,Defensive Midfield,Central Midfield,Centre-Back
MaynardNicky19861211,Maynard,Nicky,Nicky Maynard,,Forward,Centre-Forward,Left Winger,Right Winger
MayorDanny19901018,Mayor,Danny,Danny Mayor,,Midfielder,Central Midfield,Left Midfield,Attacking Midfield
MaysonJohn19081024,Mayson,John,John Mayson,Outside Left,,,,
McAlearReece20020212,McAlear,Reece,Reece McAlear,,Midfielder,Central Midfield,Defensive Midfield,
McAteerJason19710618,McAteer,Jason,Jason McAteer,,Midfielder,Right Midfield,Central Midfield,Right-Back
McAuleyHughie19530108,McAuley,Hughie,Hughie McAuley,Outside Left,,Left Winger,,
McBennettSeamus19251116,McBennett,Seamus,Seamus McBennett,Outside Right,,,,
McBurneyMike19530912,McBurney,Mike,Mike McBurney,Forward,,,,
McCarrickMark19620204,McCarrick,Mark,Mark McCarrick,Left Back,,Left-Back,,
McChrystalMark19840626,McChrystal,Mark,Mark McChrystal,,Defender,Centre-Back,,
McCreadyChris19810905,McCready,Chris,Chris McCready,,Defender,Centre-Back,Left-Back,Right-Back
McCulloughLuke19940215,McCullough,Luke,Luke McCullough,,Defender,Centre-Back,Defensive Midfield,Right-Back
McDevittKenny19290304,McDevitt,Kenny,Kenny McDevitt,Outside Right,,,,
McDonaghGerry19980214,McDonagh,Gerry,Gerry McDonagh,,Forward,Centre-Forward,,
McDonaldClayton19881206,McDonald,Clayton,Clayton McDonald,,Defender,Centre-Back,,
McDonnellCharlie19360715,McDonnell,Charlie,Charlie McDonnell,Inside Forward,,,,
McEveleyJames19850211,McEveley,James,James McEveley,,Defender,Centre-Back,Left-Back,
McFarlandRoy19480405,McFarland,Roy,Roy McFarland,Center Half,,,,
McGaheyHarrison19950926,McGahey,Harrison,Harrison McGahey,,Defender,Centre-Back,Right-Back,
McGeeLuke19950902,McGee,Luke,Luke McGee,,Goalkeeper,Goalkeeper,,
McGibbonPat19730906,McGibbon,Pat,Pat McGibbon,,Defender,Centre-Back,,
McGintySean19930811,McGinty,Sean,Sean McGinty,,Defender,Centre-Back,Left-Back,
McGraeJoe19031024,McGrae,Joe,Joe McGrae,Left Half,,,,
McGrealJohn19720602,McGreal,John,John McGreal,Central Defender,Defender,Centre-Back,,
McGuganJackie19390612,McGugan,Jackie,Jackie McGugan,Center Half,,,,
McGuireJamie19831113,McGuire,Jamie,Jamie McGuire,,Midfielder,Central Midfield,Defensive Midfield,
McGuireReg19590824,McGuire,Reg,Reg McGuire,Defender,,,,
McGurkAdam19890124,McGurk,Adam,Adam McGurk,,Forward,Centre-Forward,Left Winger,Right Winger
McIntyreKevin19771223,McIntyre,Kevin,Kevin McIntyre,,Defender,Left-Back,Central Midfield,
McKayJames19180611,McKay,James,James McKay,Center Forward,,,,
McKennaKenny19600702,McKenna,Kenny,Kenny McKenna,Center Forward,,,,
McLarenHugh19010113,McLaren,Hugh,Hugh McLaren,Right Half,,,,
McLarenPaul19761117,McLaren,Paul,Paul McLaren,,Midfielder,Central Midfield,,
McLellanAlistair19220416,McLellan,Alistair,Alistair McLellan,Inside Forward,,,,
McMahonJohn19491207,McMahon,John,John McMahon,Fullback,,,,
McManamanCallum19910425,McManaman,Callum,Callum McManaman,,Midfielder,Right Winger,Left Winger,Second Striker
McManusEric19501114,McManus,Eric,Eric McManus,Goalkeeper,,,,
McMullenIan19651117,McMullen,Ian,Ian McMullen,Forward,,,,
McMurrayTom19110724,McMurray,Tom,Tom McMurray,Outside Right,,,,
McNabNeil19570604,McNab,Neil,Neil McNab,Midfielder,,Right Midfield,Central Midfield,Left Midfield
McNamaraDennis19350308,McNamara,Dennis,Dennis McNamara,Outside Right,,,,
McNultyJim19850213,McNulty,Jim,Jim McNulty,,Defender,Centre-Back,Left-Back,
McNultySteve19830926,McNulty,Steve,Steve McNulty,,Defender,Centre-Back,,
McPakeJosh20010831,McPake,Josh,Josh McPake,,Midfielder,Right Midfield,Right Winger,Left Winger
McVicarDon19621106,McVicar,Don,Don McVicar,Defender,,,,
McWeeneyShane19891014,McWeeney,Shane,Shane McWeeney,,Goalkeeper,Goalkeeper,,
MeacockBob19100726,Meacock,Bob,Bob Meacock,Right Half,,,,
MekkiAdam19911224,Mekki,Adam,Adam Mekki,,Midfielder,Left Midfield,Right Midfield,Attacking Midfield
MellonMicky19720318,Mellon,Micky,Micky Mellon,,Midfielder,Central Midfield,,
MendyArnaud19900210,Mendy,Arnaud,Arnaud Mendy,,Midfielder,Central Midfield,Centre-Back,Right Midfield
MercerJoe18900721,Mercer,Joe,Joe Mercer,Center Half,,,,
MerrieChris19981102,Merrie,Chris,Chris Merrie,,Midfielder,Central Midfield,Defensive Midfield,
MestonSammy19020530,Meston,Sammy,Sammy Meston,Outside Right,,,,
MillerAlforth19140927,Miller,Alforth,Alforth Miller,Inside Right,,,,
MillerDave19640108,Miller,Dave,Dave Miller,Midfielder,,,,
MillerIshmael19870305,Miller,Ishmael,Ishmael Miller,,Forward,Centre-Forward,,
MillerWilliam19100719,Miller,William,William Miller,Inside Right,,,,
MillingtonRalph19300618,Millington,Ralph,Ralph Millington,Center Half,,,,
MilnerJimmy19330203,Milner,Jimmy,Jimmy Milner,Forward,,,,
MilnesCharles21885,Milnes,Charles,Charles Milnes,Center Half,,,,
MiottoSimon19690905,Miotto,Simon,Simon Miotto,,Goalkeeper,Goalkeeper,,
MitchellBarrie19470315,Mitchell,Barrie,Barrie Mitchell,Forward,,,,
MitchellFrank18900525,Mitchell,Frank,Frank Mitchell,Goalkeeper,,,,
MolyneuxBernard19330917,Molyneux,Bernard,Bernard Molyneux,Fullback,,,,
MolyneuxFred19440725,Molyneux,Fred,Fred Molyneux,Center Half,,Centre-Back,,
MolyneuxLee19890224,Molyneux,Lee,Lee Molyneux,,Midfielder,Left Midfield,Left-Back,Central Midfield
MontheEmmanuel19950126,Monthe,Emmanuel,Emmanuel Monthe,,Defender,Centre-Back,Left-Back,
MooneyJason19890226,Mooney,Jason,Jason Mooney,,Goalkeeper,Goalkeeper,,
MooneyKevin19590823,Mooney,Kevin,Kevin Mooney,Defender,,Centre-Back,,
MoorcroftDave19470316,Moorcroft,Dave,Dave Moorcroft,Wing Half,,,,
MooreEric19260716,Moore,Eric,Eric Moore,Left Back,,,,
MooreMalcolm19481218,Moore,Malcolm,Malcolm Moore,Center Forward,,Centre-Forward,,
MoorePatrick1909,Moore,Patrick,Patrick Moore,Center Half,,,,
MooreRonnie19530129,Moore,Ronnie,Ronnie Moore,Center Forward,,Centre-Forward,,
MoorhouseGeorge19010404,Moorhouse,George,George Moorhouse,Outside Left,,,,
MoranAndy19791007,Moran,Andy,Andy Moran,,,Centre-Forward,,
MoretonJimmy18910922,Moreton,Jimmy,Jimmy Moreton,Outside Right,,,,
MorganAlan19731102,Morgan,Alan,Alan Morgan,Midfielder,Defender,Central Midfield,,
MorleyBrian19601004,Morley,Brian,Brian Morley,Defender,,,,
MorrisCallum19920901,Morris,Callum,Callum Morris,,Midfielder,Central Midfield,Right Midfield,Attacking Midfield
MorrisKieron19940603,Morris,Kieron,Kieron Morris,,Midfielder,Right Midfield,Left Winger,Attacking Midfield
MorrisseyJohnny19650308,Morrissey,Johnny,Johnny Morrissey,Outside Right,Forward,Right Winger,Left Winger,
MorrowSam19850303,Morrow,Sam,Sam Morrow,,Forward,Centre-Forward,,
MottleyHenryDylan19970802,Mottley-Henry,Dylan,Dylan Mottley-Henry,,Midfielder,Right Midfield,Left Midfield,Attacking Midfield
MountfieldDerek19621102,Mountfield,Derek,Derek Mountfield,Center Half,,,,
MuirIan19630505,Muir,Ian,Ian Muir,Striker,,Second Striker,Attacking Midfield,
MulkerrinJimmy19311225,Mulkerrin,Jimmy,Jimmy Mulkerrin,Inside Forward,,,,
MullinJohn19750811,Mullin,John,John Mullin,,Midfielder,Right Winger,,
MullinPaul19941106,Mullin,Paul,Paul Mullin,,Forward,Centre-Forward,Second Striker,Right Winger
MumbongoJoel19990109,Mumbongo,Joel,Joel Mumbongo,,Forward,Centre-Forward,,
MungallSteve19580522,Mungall,Steve,Steve Mungall,Fullback,Defender,Right-Back,Centre-Back,
MurphyBill18950323,Murphy,Bill,Bill Murphy,Outside Left,,,,
MurphyJoe19810821,Murphy,Joe,Joe Murphy,,Goalkeeper,Goalkeeper,,
MurrayEddie19620710,Murray,Eddie,Eddie Murray,Outside Right,,,,
MurrayMatt19810502,Murray,Matt,Matt Murray,,Goalkeeper,Goalkeeper,,
MurrayTommy19330114,Murray,Tommy,Tommy Murray,Outside Right,,,,
MusuambaHarrison20020520,Musuamba,Harrison,Harrison Musuamba,,Defender,,,
MycockTom19230822,Mycock,Tom,Tom Mycock,Inside Forward,,,,
MyhreThomas19731016,Myhre,Thomas,Thomas Myhre,,Goalkeeper,Goalkeeper,,
MyrieWilliamsJennison19880517,Myrie-Williams,Jennison,Jennison Myrie-Williams,,Midfielder,Right Winger,Left Winger,
NDiayeSeyni19730601,N'Diaye,Seyni,Seyni N'Diaye,,Forward,Center-Forward,,
NavarroAlan19810531,Navarro,Alan,Alan Navarro,,Midfielder,Defensive Midfield,Central Midfield,Left Midfield
NaylorTommy,Naylor,Tommy,Tommy Naylor,Fullback,,,,
NeillTommy19301003,Neill,Tommy,Tommy Neill,Wing Half,,Central Midfield,,
NelsonSid19960101,Nelson,Sid,Sid Nelson,,Defender,Centre-Back,Right-Back,
NevinPat19630906,Nevin,Pat,Pat Nevin,Winger,Forward,Right Winger,Left Winger,Centre-Forward
NevittElliott19961030,Nevitt,Elliott,Elliott Nevitt,,Forward,Centre-Forward,,
NewtonPercy,Newton,Percy,Percy Newton,Center Half,,,,
NicholsonShane19700603,Nicholson,Shane,Shane Nicholson,,Defender,Left-Back,,
NielsenGunnar19861007,Nielsen,Gunnar,Gunnar Nielsen,,Goalkeeper,Goalkeeper,,
NightingaleDavid19270815,Nightingale,David,David Nightingale,Right Back,,,,
NivenJames18970908,Niven,James,James Niven,Left Back,,,,
NixonEric19621004,Nixon,Eric,Eric Nixon,Goalkeeper,Goalkeeper,Goalkeeper,,
NolanIan19700709,Nolan,Ian,Ian Nolan,Fullback,,Left-Back,Right-Back,
NolanJon19920422,Nolan,Jon,Jon Nolan,,Midfielder,Central Midfield,Attacking Midfield,Defensive Midfield
NorburnOliver19921026,Norburn,Oliver,Oliver Norburn,,Midfielder,Central Midfield,Defensive Midfield,
NormanCameron19951012,Norman,Cameron,Cameron Norman,,,Right-Back,Centre-Back,Left-Back
NorrisJames20030404,Norris,James,James Norris,,Defender,Left-Back,Left Midfield,Central Midfield
NorrisLuke19930603,Norris,Luke,Luke Norris,,Forward,Centre-Forward,,
NorwoodJames19901024,Norwood,James,James Norwood,,Forward,Centre-Forward,Right Winger,Left Winger
NugentDavid19850502,Nugent,David,David Nugent,,Forward,Centre-Forward,,
NugentGeorge20011204,Nugent,George,George Nugent,,Midfielder,Central Midfield,Right-Back,Right Midfield
OBrienLiam19640905,O'Brien,Liam,Liam O'Brien,Midfielder,Midfielder,Defensive Midfield,,
OCallaghanGeorge19790905,O'Callaghan,George,George O'Callaghan,,Midfielder,Attacking Midfield,,
OConnorJohn1903,O'Connor,John,John O'Connor,Outside Right,,,,
OConnorLee20000728,O'Connor,Lee,Lee O'Connor,,Defender,Right-Back,Defensive Midfield,Centre-Back
OHalloranMichael19910106,O'Halloran,Michael,Michael O'Halloran,,Forward,Right Winger,Left Winger,Centre-Forward
OLearyStephen19870202,O'Leary,Stephen,Stephen O'Leary,,Midfielder,Central Midfield,,
ONeilTommy19521025,O'Neil,Tommy,Tommy O'Neil,Midfielder,,Right-Back,,
ONeillLuke19910820,O'Neill,Luke,Luke O'Neill,,Defender,Right-Back,Centre-Back,
ORourkeBilly19600402,O'Rourke,Billy,Billy O'Rourke,Goalkeeper,,,,
ObreyAlf19120603,Obrey,Alf,Alf Obrey,Center Half,,,,
OdejayiKayode19820221,Odejayi,Kayode,Kayode Odejayi,,Forward,Centre-Forward,,
OliverGavin19620906,Oliver,Gavin,Gavin Oliver,Defender,,,,
OlsenJames19811023,Olsen,James,James Olsen,,Defender,Left-Back,Left Midfield,
OmotolaTolani19980416,Omotola,Tolani,Tolani Omotola,,Forward,Centre-Forward,,
OnuoraIffy19670728,Onuora,Iffy,Iffy Onuora,,Forward,Centre-Forward,,
OnyealiElkanah19390607,Onyeali,Elkanah,Elkanah Onyeali,Forward,,,,
OsbornSimon19720119,Osborn,Simon,Simon Osborn,,Midfielder,Central Midfield,,
OsborneElliot19960512,Osborne,Elliot,Elliot Osborne,,Midfielder,Central Midfield,,
OtsemoborJon19830323,Otsemobor,Jon,Jon Otsemobor,,Defender,Right-Back,,
OwenArthur1911,Owen,Arthur,Arthur Owen,Left Back,,,,
OwenBilly19140630,Owen,Billy,Billy Owen,Center Forward,,,,
OxtobyDick19390905,Oxtoby,Dick,Dick Oxtoby,Half Back,,,,
PalethorpePhil19860917,Palethorpe,Phil,Phil Palethorpe,,,Goalkeeper,,
PalethorpePhilip19860917,Palethorpe,Philip,Philip Palethorpe,,Goalkeeper,,,
PaliosMark19521109,Palios,Mark,Mark Palios,Midfielder,,,,
PalmerLiam19910919,Palmer,Liam,Liam Palmer,,Defender,Right-Back,Centre-Back,Defensive Midfield
ParkinsonAndy19790527,Parkinson,Andy,Andy Parkinson,,Midfielder,Right Winger,Attacking Midfield,
ParnellFrank19351104,Parnell,Frank,Frank Parnell,Center Forward,,,,
ParnellRoy19431008,Parnell,Roy,Roy Parnell,Right Back,,,,
ParryDave19480211,Parry,Dave,Dave Parry,Outside Left,,,,
ParryLes19531113,Parry,Les,Les Parry,Central Defender,,Centre-Back,,
PassantBailey20001129,Passant,Bailey,Bailey Passant,,Goalkeeper,,,
PassantBayleigh20001129,Passant,Bayleigh,Bayleigh Passant,,,Goalkeeper,,
PayneAlbert19231111,Payne,Albert,Albert Payne,Wing Half,,,,
PayneGeorge19210822,Payne,George,George Payne,Goalkeeper,,,,
PayneStefan19910810,Payne,Stefan,Stefan Payne,,Forward,Centre-Forward,Right Winger,Left Winger
PearsonTich41910,Pearson,Tich,Tich Pearson,Outside Right,,,,
PenningtonJames21915,Pennington,James,James Pennington,Inside Left,,,,
PenningtonMatthew19941006,Pennington,Matthew,Matthew Pennington,,Defender,Centre-Back,Right-Back,
PeplowSteve19490108,Peplow,Steve,Steve Peplow,Outside Right,,Right Midfield,,
PerfectFrank19150309,Perfect,Frank,Frank Perfect,Right Back,,,,
PerkinsDavid19820621,Perkins,David,David Perkins,,Midfielder,Central Midfield,Defensive Midfield,Left Midfield
PetersonKristoffer19941128,Peterson,Kristoffer,Kristoffer Peterson,,Forward,Left Winger,Right Winger,Centre-Forward
PhillipsErnest1897,Phillips,Ernest,Ernest Phillips,Left Half,,,,
PhilpottsDave19540331,Philpotts,Dave,Dave Philpotts,Center Half,,,,
PhilpottsJohn,Philpotts,John,John Philpotts,Outside Right,,,,
PikeDan20020109,Pike,Dan,Dan Pike,,Defender,Right-Back,Left-Back,
PikeMartin19641021,Pike,Martin,Martin Pike,Left Back,,Left-Back,Right-Back,Left Midfield
PillingLuke19970725,Pilling,Luke,Luke Pilling,,Goalkeeper,Goalkeeper,,
PlattDick,Platt,Dick,Dick Platt,Right Back,,,,
PlattJohn19540822,Platt,John,John Platt,Goalkeeper,,,,
PointonRay19471106,Pointon,Ray,Ray Pointon,Fullback,,,,
PollardJames19200604,Pollard,James,James Pollard,Outside Left,,,,
PonticelliJordan19980910,Ponticelli,Jordan,Jordan Ponticelli,,Forward,Centre-Forward,,
PoskettThomas19091226,Poskett,Thomas,Thomas Poskett,Goalkeeper,,,,
PostlewhiteDennis19571013,Postlewhite,Dennis,Dennis Postlewhite,Defender,,Centre-Back,,
PotterDarren19841221,Potter,Darren,Darren Potter,,Midfielder,Central Midfield,Defensive Midfield,
PowellNeville19630902,Powell,Neville,Neville Powell,Midfielder,,Right Midfield,,
PowerMax19930727,Power,Max,Max Power,,Midfielder,Central Midfield,Defensive Midfield,Right-Back
PrenticeJohn18981019,Prentice,John,John Prentice,Outside Left,,,,
PrescottFrank19220812,Prescott,Frank,Frank Prescott,Center Forward,,,,
PriceJason19770412,Price,Jason,Jason Price,,Forward,Centre-Forward,Right Winger,
PriceKen19390325,Price,Ken,Ken Price,Center Forward,,,,
PriceWalter19210214,Price,Walter,Walter Price,Center Half,,,,
PringleBen19890725,Pringle,Ben,Ben Pringle,,Midfielder,Left Midfield,Right Midfield,Central Midfield
PritchardJoe19430904,Pritchard,Joe,Joe Pritchard,Midfielder,,Central Midfield,,
PritchardRay19540623,Pritchard,Ray,Ray Pritchard,Fullback,,,,
ProctorMark19610130,Proctor,Mark,Mark Proctor,Midfielder,,,,
ProctorNorman18960511,Proctor,Norman,Norman Proctor,Inside Left,,,,
ProsserNeil19570308,Prosser,Neil,Neil Prosser,Forward,,,,
ProudlockAdam19810509,Proudlock,Adam,Adam Proudlock,,Forward,Centre-Forward,,
RachubkaPaul19810521,Rachubka,Paul,Paul Rachubka,,Goalkeeper,Goalkeeper,,
RainfordBilly18920226,Rainford,Billy,Billy Rainford,Inside Left,,,,
RalphAndrew19830528,Ralph,Andrew,Andrew Ralph,,Goalkeeper,Goalkeeper,,
RalphAndy19830528,Ralph,Andy,Andy Ralph,,,Goalkeeper,,
RamsbottomSam19960403,Ramsbottom,Sam,Sam Ramsbottom,,Goalkeeper,Goalkeeper,,
RankineMark19690930,Rankine,Mark,Mark Rankine,,Midfielder,Central Midfield,,
RatcliffeArchie18930130,Ratcliffe,Archie,Archie Ratcliffe,Center Forward,,,,
RavenDavid19850310,Raven,David,David Raven,,Defender,Right-Back,Centre-Back,
RayGeorge19931013,Ray,George,George Ray,,Defender,Centre-Back,,
ReesPeter19320505,Rees,Peter,Peter Rees,Outside Left,,,,
RiceRon19230413,Rice,Ron,Ron Rice,Inside Left,,,,
RichardsEliot19910910,Richards,Eliot,Eliot Richards,,Forward,Attacking Midfield,Left Winger,Right Winger
RichardsErnest,Richards,Ernest,Ernest Richards,Center Half,,,,
RichardsPercy1907,Richards,Percy,Percy Richards,Outside Left,,,,
RickettsMichael19781204,Ricketts,Michael,Michael Ricketts,,Forward,Centre-Forward,,
RiddingBill19110404,Ridding,Bill,Bill Ridding,Center Forward,,,,
RidehalghLiam19910420,Ridehalgh,Liam,Liam Ridehalgh,,Defender,Left-Back,Centre-Back,
RideoutPaul19640814,Rideout,Paul,Paul Rideout,,Forward,Centre-Forward,,
RidgwayJohn,Ridgway,John,John Ridgway,Left Back,,,,
RileyAlan,Riley,Alan,Alan Riley,Goalkeeper,,,,
RileyMartin19861205,Riley,Martin,Martin Riley,,Defender,Centre-Back,,
RimmerEllis19070102,Rimmer,Ellis,Ellis Rimmer,Outside Left,,,,
RobertsBilly19040109,Roberts,Billy,Billy Roberts,Inside Right,,,,
RobertsEddie19471116,Roberts,Eddie,Eddie Roberts,Goalkeeper,,,,
RobertsGareth19780206,Roberts,Gareth,Gareth Roberts,,Defender,Left-Back,,
RobertsGerald21908,Roberts,Gerald,Gerald Roberts,Left Back,,,,
RobertsJames18910107,Roberts,James,James Roberts,Outside Left,,,,
RobertsRonnie19420914,Roberts,Ronnie,Ronnie Roberts,Outside Left,,,,
RobertsonTeddie19351219,Robertson,Teddie,Teddie Robertson,Fullback,,,,
RobertsonWilliam,Robertson,William,William Robertson,Center Forward,,,,
RobinsonAlfred18980130,Robinson,Alfred,Alfred Robinson,Inside Right,,,,
RobinsonAndy19791103,Robinson,Andy,Andy Robinson,,Midfielder,Left Midfield,Right Midfield,Central Midfield
RobinsonJames18980108,Robinson,James,James Robinson,Outside Left,,,,
RobinsonLiam19651229,Robinson,Liam,Liam Robinson,Striker,,,,
RobinsonLuke20011120,Robinson,Luke,Luke Robinson,,Defender,Left-Back,,
RobinsonMarvin19800411,Robinson,Marvin,Marvin Robinson,,Forward,Centre-Forward,,
RobsonConor20030921,Robson,Conor,Conor Robson,,Goalkeeper,Goalkeeper,,
RodawayBilly19540926,Rodaway,Billy,Billy Rodaway,Midfielder,,Centre-Back,,
RogersAlan19770103,Rogers,Alan,Alan Rogers,Left Back,Defender,Left-Back,Left Midfield,Left Winger
RokkaElliot19960316,Rokka,Elliot,Elliot Rokka,,Midfielder,Centre-Forward,Right Winger,Left Winger
RoperWilliam21914,Roper,William,William Roper,Goalkeeper,,,,
RosenthalAbe19211012,Rosenthal,Abe,Abe Rosenthal,Inside Forward,,,,
RothwellPeter21898,Rothwell,Peter,Peter Rothwell,Inside Forward,,,,
RoweGraham19450828,Rowe,Graham,Graham Rowe,Wing Half,,,,
RoweJames19911021,Rowe,James,James Rowe,,Midfielder,Central Midfield,Right Midfield,Left Midfield
RowlandJohn19410407,Rowland,John,John Rowland,Winger,,,,
RowlesReginald,Rowles,Reginald,Reginald Rowles,Right Back,,,,
RowleyTony19290919,Rowley,Tony,Tony Rowley,Center Forward,,,,
RoyJack19140323,Roy,Jack,Jack Roy,Outside Left,,,,
RussellAlex19440221,Russell,Alex,Alex Russell,Midfielder,,,,
RussellCraig19740204,Russell,Craig,Craig Russell,,Forward,Centre-Forward,,
RutterEdward18980702,Rutter,Edward,Edward Rutter,Left Half,,,,
SalmonLen19120624,Salmon,Len,Len Salmon,Wing Half,,,,
SantosGeorges19700815,Santos,Georges,Georges Santos,,Defender,Centre-Back,,
SaundersHarvey19970720,Saunders,Harvey,Harvey Saunders,,Forward,Centre-Forward,,
SavageBas19820107,Savage,Bas,Bas Savage,,Forward,Centre-Forward,Right Winger,
SayerStan18950202,Sayer,Stan,Stan Sayer,Center Forward,,,,
ScottGeorge19441025,Scott,George,George Scott,Inside Forward,,,,
SeasmanJohn19550221,Seasman,John,John Seasman,Midfielder,,,,
SeddonBen19520205,Seddon,Ben,Ben Seddon,Center Half,,,,
SeremetDino19800816,Seremet,Dino,Dino Seremet,,Goalkeeper,Goalkeeper,,
SewellGeorge18980603,Sewell,George,George Sewell,Center Half,,,,
SharkeyBernard18940325,Sharkey,Bernard,Bernard Sharkey,Inside Right,,,,
SharpAlex19101112,Sharp,Alex,Alex Sharp,Center Half,,,,
SharpsIan19801023,Sharps,Ian,Ian Sharps,,Defender,Centre-Back,,
ShawHugh19290429,Shaw,Hugh,Hugh Shaw,Wing Half,,,,
ShearsBert19000512,Shears,Bert,Bert Shears,Right Half,,,,
ShepherdPaul19771117,Shepherd,Paul,Paul Shepherd,,Forward,Centre-Forward,,
SherlockHarold19090202,Sherlock,Harold,Harold Sherlock,Goalkeeper,,,,
ShoneGeorge19220215,Shone,George,George Shone,Center Forward,,,,
ShottonRyan19881030,Shotton,Ryan,Ryan Shotton,,Defender,Centre-Back,Right-Back,
ShowunmiEnoch19820421,Showunmi,Enoch,Enoch Showunmi,,Forward,Centre-Forward,,
ShukerChris19820509,Shuker,Chris,Chris Shuker,,Midfielder,Right Midfield,Left Midfield,
SiddallBarry19540912,Siddall,Barry,Barry Siddall,Goalkeeper,,,,
SidibeMamady19791218,Sidibe,Mamady,Mamady Sidibe,,Forward,Centre-Forward,,
SilleLes19280412,Sille,Les,Les Sille,Outside Left,,,,
SimeuDynel20020313,Simeu,Dynel,Dynel Simeu,,Defender,Centre-Back,Right-Back,
SimonsenSteve19790403,Simonsen,Steve,Steve Simonsen,,Goalkeeper,Goalkeeper,,
SinclairNick19600103,Sinclair,Nick,Nick Sinclair,Fullback,,,,
SinclairRoy19441210,Sinclair,Roy,Roy Sinclair,Inside Forward,,,,
SinclairWillie19341014,Sinclair,Willie,Willie Sinclair,Inside Forward,,,,
SinnottLewis20020304,Sinnott,Lewis,Lewis Sinnott,,Defender,Right-Back,Left-Back,
SmithDerek19460705,Smith,Derek,Derek Smith,Center Half,,,,
SmithGeorge,Smith,George,George Smith,Inside Forward,,,,
SmithJohn19700723,Smith,John,John Smith,Left Back,,Right-Back,,
SmithJonny19970728,Smith,Jonny,Jonny Smith,,Midfielder,Right Winger,Left Winger,
SmithReg11916,Smith,Reg,Reg Smith,Inside Left,,,,
SmithSam19980308,Smith,Sam,Sam Smith,,Forward,Centre-Forward,,
SmithWilliam1915,Smith,William,William Smith,Inside Right,,,,
SodjeAkpo19800131,Sodje,Akpo,Akpo Sodje,,,Centre-Forward,,
SodjeAkpo19810131,Sodje,Akpo,Akpo Sodje,,Forward,,,
SolomonDaviesJosh19991120,Solomon-Davies,Josh,Josh Solomon-Davies,,Defender,Right-Back,,
SolomonSol20010317,Solomon,Sol,Sol Solomon,,,Centre-Forward,Left Winger,
SonkoEdrissa19800323,Sonko,Edrissa,Edrissa Sonko,,Midfielder,Right Winger,Attacking Midfield,
SordellMarvin19910217,Sordell,Marvin,Marvin Sordell,,Forward,Centre-Forward,Right Winger,
SousaErico19950312,Sousa,Erico,Erico Sousa,,Midfielder,Left Winger,Right Winger,
SpeakmanSammy19340127,Speakman,Sammy,Sammy Speakman,Outside Left,,,,
SpearingJay19881125,Spearing,Jay,Jay Spearing,,Midfielder,Defensive Midfield,Central Midfield,
SpellmanCarl20001106,Spellman,Carl,Carl Spellman,,Midfielder,Central Midfield,Defensive Midfield,
SpenceJames,Spence,James,James Spence,Left Back,,,,
SpencerReg19081201,Spencer,Reg,Reg Spencer,Left Half,,,,
SpencerTeddy,Spencer,Teddy,Teddy Spencer,Inside Left,,,,
SpinkTony19291116,Spink,Tony,Tony Spink,Center Forward,,,,
StJohnIan19380607,St John,Ian,Ian St John,Center Forward,,,,
StanleyGraham19380127,Stanley,Graham,Graham Stanley,Wing Half,,,,
StarbuckJoseph20020803,Starbuck,Joseph,Joseph Starbuck,,Midfielder,Right-Back,Right Midfield,
SteelJim19591204,Steel,Jim,Jim Steel,Center Forward,,Centre-Forward,,
SteelePercy19231226,Steele,Percy,Percy Steele,Fullback,,,,
StephensTerry19351105,Stephens,Terry,Terry Stephens,Inside Forward,,,,
StephensonDarren19930306,Stephenson,Darren,Darren Stephenson,,Forward,Centre-Forward,Left Winger,Left Midfield
StevensDennis19331130,Stevens,Dennis,Dennis Stevens,Inside Forward,,Centre-Forward,,
StevensGary19630327,Stevens,Gary,Gary Stevens,Fullback,Defender,Right-Back,,
StevensonWillie19391026,Stevenson,Willie,Willie Stevenson,Left Half,,Central Midfield,Centre-Back,Left Midfield
StockdaleRobbie19791130,Stockdale,Robbie,Robbie Stockdale,,Defender,Right-Back,,
StocktonCole19940313,Stockton,Cole,Cole Stockton,,Forward,Centre-Forward,,
StortonStan19390105,Storton,Stan,Stan Storton,Right Back,,Right-Back,,
StortonTrevor19491126,Storton,Trevor,Trevor Storton,Center Half,,Centre-Back,,
StottTom,Stott,Tom,Tom Stott,Center Forward,,,,
StratulisRyan20030418,Stratulis,Ryan,Ryan Stratulis,,Midfielder,Attacking Midfield,,
StuartEddie19310512,Stuart,Eddie,Eddie Stuart,Center Half,,,,
StuartTom18931025,Stuart,Tom,Tom Stuart,Left Back,,,,
SugdenArthur1894,Sugden,Arthur,Arthur Sugden,Right Back,,,,
SummerbeeNicky19710826,Summerbee,Nicky,Nicky Summerbee,,Midfielder,Right Midfield,Right Winger,Right-Back
SuttonRitchie19860429,Sutton,Ritchie,Ritchie Sutton,,Defender,Centre-Back,Right-Back,
TanseyGerard19331015,Tansey,Gerard,Gerard Tansey,Fullback,,,,
TaylorAndy19860314,Taylor,Andy,Andy Taylor,,Defender,Left-Back,Centre-Back,
TaylorAsh19900902,Taylor,Ash,Ash Taylor,,Defender,Centre-Back,Defensive Midfield,
TaylorFletcherGary19810604,Taylor-Fletcher,Gary,Gary Taylor-Fletcher,,Forward,Right Winger,Centre-Forward,Left Winger
TaylorGareth19730225,Taylor,Gareth,Gareth Taylor,,Forward,Centre-Forward,,
TaylorPerry19810129,Taylor,Perry,Perry Taylor,,Midfielder,,,
TaylorRhys19900407,Taylor,Rhys,Rhys Taylor,,Goalkeeper,Goalkeeper,,
TaylorRob19850116,Taylor,Rob,Rob Taylor,,Defender,Left-Back,Left Midfield,
TaylorRyan19840819,Taylor,Ryan,Ryan Taylor,,Defender,Right-Back,Left-Back,Defensive Midfield
TaylorSamuel20031223,Taylor,Samuel,Samuel Taylor,,Forward,Centre-Forward,,
TaylorScott19760505,Taylor,Scott,Scott Taylor,,Forward,Centre-Forward,,
TealeShaun19640310,Teale,Shaun,Shaun Teale,Central Defender,Defender,Centre-Back,,
TempleErnest21910,Temple,Ernest,Ernest Temple,Goalkeeper,,,,
ThirkellPercy19000213,Thirkell,Percy,Percy Thirkell,Left Back,,,,
ThomasJohn19580805,Thomas,John,John Thomas,Center Forward,,,,
ThomasKevin19450813,Thomas,Kevin,Kevin Thomas,Goalkeeper,,,,
ThomasMooreIan19760826,Thomas-Moore,Ian,Ian Thomas-Moore,Striker,Forward,Centre-Forward,,
ThomasRobert41911,Thomas,Robert,Robert Thomas,Outside Right,,,,
ThomasStanley19190905,Thomas,Stanley,Stanley Thomas,Inside Left,,,,
ThomasTony19710712,Thomas,Tony,Tony Thomas,Defender,Defender,Right-Back,,
ThomasWilliam19060316,Thomas,William,William Thomas,Center Half,,,,
ThompsonAlex19171208,Thompson,Alex,Alex Thompson,Right Back,,,,
ThompsonAndy19671109,Thompson,Andy,Andy Thompson,,Defender,Left-Back,,
ThompsonBailey20010607,Thompson,Bailey,Bailey Thompson,,Midfielder,Centre-Forward,,
ThompsonBob18900227,Thompson,Bob,Bob Thompson,Right Back,,,,
ThompsonJoe19890305,Thompson,Joe,Joe Thompson,,Midfielder,Right Midfield,Right Winger,Left Midfield
ThompsonJohn19811012,Thompson,John,John Thompson,,Defender,Right-Back,Centre-Back,Right Midfield
ThompsonJosh19910225,Thompson,Josh,Josh Thompson,,Defender,Centre-Back,,
ThompsonRobert,Thompson,Robert,Robert Thompson,Center Forward,,,,
ThornAndy19661112,Thorn,Andy,Andy Thorn,Central Defender,Defender,Centre-Back,,
ThorntonSean19830518,Thornton,Sean,Sean Thornton,,Midfielder,Central Midfield,,
ThorpeAdrian19631125,Thorpe,Adrian,Adrian Thorpe,Outside Left,,,,
ThorpeAndy19600915,Thorpe,Andy,Andy Thorpe,Defender,,,,
TilstonTommy19260219,Tilston,Tommy,Tommy Tilston,Inside Forward,,,,
TimlinJamie20030916,Timlin,Jamie,Jamie Timlin,,,Centre-Forward,,
TiryakiMustafa19870302,Tiryaki,Mustafa,Mustafa Tiryaki,,Forward,Centre-Forward,,
TollittBen19941130,Tollitt,Ben,Ben Tollitt,,Midfielder,Right Midfield,Left Midfield,
TomlinsonBen19891011,Tomlinson,Ben,Ben Tomlinson,,Forward,,,
TomlinsonBen19891031,Tomlinson,Ben,Ben Tomlinson,,,Centre-Forward,Left Winger,Right Winger
TongRobert21911,Tong,Robert,Robert Tong,Center Forward,,,,
TrainRay19510210,Train,Ray,Ray Train,Midfielder,,Defensive Midfield,,
TraoreDrissa19920325,Traore,Drissa,Drissa Traore,,Midfielder,Central Midfield,Defensive Midfield,
TravisHarry19111226,Travis,Harry,Harry Travis,Center Forward,,,,
TremarcoCarl19851011,Tremarco,Carl,Carl Tremarco,,Defender,Left-Back,,
TuckerCharles1917,Tucker,Charles,Charles Tucker,Goalkeeper,,,,
TurnbullJordan19941030,Turnbull,Jordan,Jordan Turnbull,,Defender,Centre-Back,Left-Back,Defensive Midfield
TurnerCookeJay20031231,Turner-Cooke,Jay,Jay Turner-Cooke,,Midfielder,Attacking Midfield,Central Midfield,Right Midfield
TurnerIain19840126,Turner,Iain,Iain Turner,,Goalkeeper,Goalkeeper,,
TwistFrank19401102,Twist,Frank,Frank Twist,Outside Right,,,,
TynanBobby19551207,Tynan,Bobby,Bobby Tynan,Midfielder,,,,
TynanTommy19551117,Tynan,Tommy,Tommy Tynan,,,Centre-Forward,Right Winger,
UrmsonFred19071126,Urmson,Fred,Fred Urmson,Outside Left,,,,
VaughanJames19880714,Vaughan,James,James Vaughan,,Forward,Centre-Forward,,
VaughanLee19860717,Vaughan,Lee,Lee Vaughan,,Defender,Right-Back,Right Midfield,
VaulksWill19930913,Vaulks,Will,Will Vaulks,,Midfielder,Defensive Midfield,Centre-Back,Right-Back
VeitchTommy19491016,Veitch,Tommy,Tommy Veitch,Midfielder,,,,
VickersSteve19671013,Vickers,Steve,Steve Vickers,Central Defender,,Centre-Back,,
WalkdenEdgar,Walkden,Edgar,Edgar Walkden,Center Half,,,,
WalkdenEdgar19141104,Walkden,Edgar,Edgar Walkden,,,,,
WalkerBrad19960425,Walker,Brad,Brad Walker,,Midfielder,Defensive Midfield,Central Midfield,Centre-Back
WalkerRiceDanny20001110,Walker-Rice,Danny,Danny Walker-Rice,,Forward,Right Winger,Left Winger,
WalkerStephen20001011,Walker,Stephen,Stephen Walker,,Midfielder,Second Striker,Left Winger,Centre-Forward
WallaceJames19911219,Wallace,James,James Wallace,,Midfielder,Central Midfield,Defensive Midfield,Attacking Midfield
WallsArthur19310115,Walls,Arthur,Arthur Walls,Forward,,,,
WardGavin19700630,Ward,Gavin,Gavin Ward,,Goalkeeper,Goalkeeper,,
WaringGeorge19941202,Waring,George,George Waring,,Forward,Centre-Forward,,
WaringPongo19061012,Waring,Pongo,Pongo Waring,Center Forward,,,,
WarnerTony19740511,Warner,Tony,Tony Warner,,Goalkeeper,Goalkeeper,,
WarrenEmrys,Warren,Emrys,Emrys Warren,Left Back,,,,
WarrinerSteve19581218,Warriner,Steve,Steve Warriner,Defender,,,,
WarringtonLewis20021010,Warrington,Lewis,Lewis Warrington,,Midfielder,Central Midfield,Attacking Midfield,Defensive Midfield
WassellGilbert19100409,Wassell,Gilbert,Gilbert Wassell,Left Back,,,,
WaterfallLuke19900730,Waterfall,Luke,Luke Waterfall,,Defender,Centre-Back,,
WaterstonArchie19021013,Waterston,Archie,Archie Waterston,Center Forward,,,,
WatkinsBrad19940911,Watkins,Brad,Brad Watkins,,Goalkeeper,,,
WatkinsBradley19940911,Watkins,Bradley,Bradley Watkins,,,Goalkeeper,,
WatsonJack1912,Watson,Jack,Jack Watson,Center Half,,,,
WatsonRyan19930707,Watson,Ryan,Ryan Watson,,Midfielder,Defensive Midfield,Central Midfield,Right-Back
WattsFarewell19040310,Watts,Farewell,Farewell Watts,Inside Right,,,,
WebbJohn19520210,Webb,John,John Webb,Right Back,,,,
WeirJimmy19390412,Weir,Jimmy,Jimmy Weir,Outside Left,,,,
WeirRobbie19881209,Weir,Robbie,Robbie Weir,,Midfielder,Defensive Midfield,Central Midfield,
WelchKeith19681003,Welch,Keith,Keith Welch,,Goalkeeper,Goalkeeper,,
WellingsBarry19580610,Wellings,Barry,Barry Wellings,Forward,,,,
WelshJohn19840110,Welsh,John,John Welsh,,Midfielder,Central Midfield,Defensive Midfield,
WestGordon19430424,West,Gordon,Gordon West,Goalkeeper,,Goalkeeper,,
WestlakeBrian19430919,Westlake,Brian,Brian Westlake,Center Forward,,,,
WhartonPaddy20000527,Wharton,Paddy,Paddy Wharton,,Goalkeeper,Goalkeeper,,
WheelerJohnny19280726,Wheeler,Johnny,Johnny Wheeler,Right Half,,Right Midfield,,
WhiteBob19011205,White,Bob,Bob White,Outside Right,,,,
WhiteheadPhil19691217,Whitehead,Phil,Phil Whitehead,,Goalkeeper,Goalkeeper,,
WhitehurstBert18980622,Whitehurst,Bert,Bert Whitehurst,Center Forward,,,,
WhitmoreTheodore19720805,Whitmore,Theodore,Theodore Whitmore,,Midfielder,Attacking Midfield,,
WhittinghamSteve19620204,Whittingham,Steve,Steve Whittingham,Forward,,,,
WhyteCrawford19071204,Whyte,Crawford,Crawford Whyte,Left Back,,,,
WildeLeslie,Wilde,Leslie,Leslie Wilde,Goalkeeper,,,,
WilkinsonBarry19350616,Wilkinson,Barry,Barry Wilkinson,Half Back,,,,
WilliamsGary19590514,Williams,Gary,Gary Williams,Defender,,,,
WilliamsGraham19361231,Williams,Graham,Graham Williams,Outside Left,,Left Midfield,,
WilliamsJack20030516,Williams,Jack,Jack Williams,,,Right Winger,Attacking Midfield,Left Winger
WilliamsJackie19290801,Williams,Jackie,Jackie Williams,Outside Left,,,,
WilliamsJohn19601003,Williams,John,John Williams,Center Half,,Centre-Back,,
WilliamsJosh20040713,Williams,Josh,Josh Williams,,,Central Midfield,Attacking Midfield,
WilliamsKeith19370114,Williams,Keith,Keith Williams,Inside Forward,,,,
WilliamsRay19301230,Williams,Ray,Ray Williams,Wing Half,,,,
WilliamsRyan19780831,Williams,Ryan,Ryan Williams,,Midfielder,Attacking Midfielder,,
WilliamsRyan19910408,Williams,Ryan,Ryan Williams,,Midfielder,Attacking Midfielder,,
WilliamsTommy19290801,Williams,Tommy,Tommy Williams,Wing Half,,,,
WilliamsonJames19260616,Williamson,James,James Williamson,Inside Forward,,,,
WilliamsonStewie19260407,Williamson,Stewie,Stewie Williamson,Outside Left,,,,
WilsonBob19280908,Wilson,Bob,Bob Wilson,Right Back,,Right-Back,,
WilsonKane20000311,Wilson,Kane,Kane Wilson,,Defender,Right-Back,Right Midfield,
WilsonMark19790209,Wilson,Mark,Mark Wilson,,Midfielder,Central Midfield,,
WilsonSteve19740424,Wilson,Steve,Steve Wilson,,Goalkeeper,Goalkeeper,,
WinnEdward,Winn,Edward,Edward Winn,Center Half,,,,
WoanDon19271107,Woan,Don,Don Woan,Forward,,,,
WoodAlbert19030425,Wood,Albert,Albert Wood,Inside Left,,,,
WoodArchie19260318,Wood,Archie,Archie Wood,Outside Left,,,,
WoodConnor19960717,Wood,Connor,Connor Wood,,Defender,Left-Back,Left Midfield,
WoodNick19901109,Wood,Nick,Nick Wood,,Defender,Centre-Back,Left-Back,
WoodardsDan19831007,Woodards,Dan,Dan Woodards,,Defender,Right-Back,Left-Back,Centre-Back
WoodinSteve19550106,Woodin,Steve,Steve Woodin,Winger,,,,
WoodsBilly19731024,Woods,Billy,Billy Woods,Winger,Midfielder,Left Midfield,,
WoodsCalum19870205,Woods,Calum,Calum Woods,,Defender,Right-Back,Left-Back,Centre-Back
WoodsRay19650607,Woods,Ray,Ray Woods,Midfielder,,,,
WoodwardBilly,Woodward,Billy,Billy Woodward,Inside Left,,,,
WoodyardAlex19930503,Woodyard,Alex,Alex Woodyard,,Midfielder,Central Midfield,Defensive Midfield,Right Midfield
WooleryKaiyne19950111,Woolery,Kaiyne,Kaiyne Woolery,,Midfielder,Left Winger,Right Winger,Centre-Forward
WoottonScott19910912,Wootton,Scott,Scott Wootton,,Defender,Centre-Back,Right-Back,
WorthingtonFrank19481123,Worthington,Frank,Frank Worthington,Center Forward,,,,
YardleyGeorge19421008,Yardley,George,George Yardley,Center Forward,,,,
YarneyJosef19971008,Yarney,Josef,Josef Yarney,,Defender,Centre-Back,Right-Back,
YatesSteve19700129,Yates,Steve,Steve Yates,,Defender,Centre-Back,Right-Back,Left-Back
YatesWilf1898,Yates,Wilf,Wilf Yates,Right Back,,,,
YeatsRon19371115,Yeats,Ron,Ron Yeats,Center Half,,Centre-Back,,
YoungJack20001021,Young,Jack,Jack Young,,Midfielder,Central Midfield,Defensive Midfield,
YoungTommy19471224,Young,Tommy,Tommy Young,Forward,,Centre-Forward,Attacking Midfield,
ZolaCalvin19841231,Zola,Calvin,Calvin Zola,,Forward,Centre-Forward,,
