player_id,player_name,forename,surname,tm_pos_1,tm_pos_2,tm_pos_3
AchterbergJohn19710708,John Achterberg,John,Achterberg,Goalkeeper,,
AdkinsNigel19650311,Nigel Adkins,Nigel,Adkins,Goalkeeper,,
AhmedAdnan19840607,Adnan Ahmed,Adnan,Ahmed,Central Midfield,,
AimsonWill19940603,Will Aimson,Will,Aimson,Centre-Back,,
AistonSam19761121,Sam Aiston,Sam,Aiston,Left Midfield,,
AkammaduFranklyn19980811,Franklyn Akammadu,Franklyn,Akammadu,Centre-Forward,Right Winger,Left Winger
AkinsLucas19890225,Lucas Akins,Lucas,Akins,Right Winger,Centre-Forward,Right-Back
AkpaAkproJeanLouis19850104,Jean-Louis Akpa Akpro,Jean-Louis,Akpa Akpro,Centre-Forward,Second Striker,Left Winger
AkpanUdoyen19990210,Udoyen Akpan,Udoyen,Akpan,Centre-Forward,Second Striker,Right Winger
AlabiJames19941108,James Alabi,James,Alabi,Centre-Forward,Left Winger,Right Winger
AldridgeJohn19580918,John Aldridge,John,Aldridge,Centre-Forward,,
AldridgePaul19811202,Paul Aldridge,Paul,Aldridge,Centre-Forward,,
AllenGraham19770408,Graham Allen,Graham,Allen,Centre-Back,Right-Back,
AllisonWayne19681016,Wayne Allison,Wayne,Allison,Centre-Forward,,
AlmondLouis19920105,Louis Almond,Louis,Almond,Centre-Forward,Left Winger,
AmooDavid19910413,David Amoo,David,Amoo,Right Winger,Left Winger,Second Striker
AndersonDoug19630829,Doug Anderson,Doug,Anderson,Winger,,
AndersonIain19770723,Iain Anderson,Iain,Anderson,Right Winger,Right Midfield,
AntwiGodwin19880607,Godwin Antwi,Godwin,Antwi,Centre-Back,,
ApterRob20030423,Rob Apter,Rob,Apter,Right Winger,Attacking Midfield,
AriyibiGboly19950118,Gboly Ariyibi,Gboly,Ariyibi,Left Winger,Right Winger,Attacking Midfield
ArthurworreyStephen19941015,Stephen Arthurworrey,Stephen,Arthurworrey,Centre-Back,,
AshcroftBilly19521001,Billy Ashcroft,Billy,Ashcroft,Centre-Back,Centre-Forward,
AshtonNeil19850115,Neil Ashton,Neil,Ashton,Left-Back,Centre-Back,
AskewDarren,Darren Askew,Darren,Askew,,,
AspinallJohn19590315,John Aspinall,John,Aspinall,Winger,,
AtkinsonChris19920213,Chris Atkinson,Chris,Atkinson,Central Midfield,,
BabbPhil19701130,Phil Babb,Phil,Babb,Centre-Back,Left-Back,
BainKithson19820526,Kithson Bain,Kithson,Bain,Centre-Forward,,
BakayogoZoumana19860817,Zoumana Bakayogo,Zoumana,Bakayogo,Left-Back,Left Midfield,
BakerTom19850328,Tom Baker,Tom,Baker,Central Midfield,,
BanksOllie19920921,Ollie Banks,Ollie,Banks,Central Midfield,Defensive Midfield,Attacking Midfield
BarkerGeorge19910926,George Barker,George,Barker,Centre-Forward,Right Winger,Left Winger
BarlowStuart19680716,Stuart Barlow,Stuart,Barlow,Centre-Forward,,
BarnettCharlie19880919,Charlie Barnett,Charlie,Barnett,Central Midfield,,
BaxterJose19920207,Jose Baxter,Jose,Baxter,Attacking Midfield,Central Midfield,Second Striker
BeamishKenny19470825,Kenny Beamish,Kenny,Beamish,Centre-Forward,,
BelehouanJean20000901,Jean Belehouan,Jean,Belehouan,Centre-Back,Left-Back,
BellBaggieAbdulai19920428,Abdulai Bell-Baggie,Abdulai,Bell-Baggie,Right Winger,Left Winger,
BennettGary19630920,Gary Bennett,Gary,Bennett,Centre-Forward,,
BensonLiam19920225,Liam Benson,Liam,Benson,Left-Back,Centre-Back,Right-Back
BeresfordDavid19761111,David Beresford,David,Beresford,Left Midfield,,
BishopEddie19621128,Eddie Bishop,Eddie,Bishop,Central Midfield,,
BlackMichael19761006,Michael Black,Michael,Black,Left Winger,Right Winger,
BlackPaul19900118,Paul Black,Paul,Black,Left-Back,,
BlackettTaylorCorey19970923,Corey Blackett-Taylor,Corey,Blackett-Taylor,Right Winger,Left Winger,
BlackhamJoe20010910,Joe Blackham,Joe,Blackham,Defensive Midfield,Central Midfield,Right-Back
BlanchardMaxime19860927,Maxime Blanchard,Maxime,Blanchard,Centre-Back,Right-Back,Defensive Midfield
BlissettNathan19900629,Nathan Blissett,Nathan,Blissett,Centre-Forward,Left Winger,Right Winger
BolandAntonie19941230,Antonie Boland,Antonie,Boland,Centre-Back,Left-Back,Defensive Midfield
BonettiIvano19640801,Ivano Bonetti,Ivano,Bonetti,Right Winger,Left Winger,
BorthwickJacksonCameron19970202,Cameron Borthwick-Jackson,Cameron,Borthwick-Jackson,Left-Back,Centre-Back,
BramhallJohn19561120,John Bramhall,John,Bramhall,,,
BranchGraham19720212,Graham Branch,Graham,Branch,Left Winger,Left Midfield,Left-Back
BrannanGed19720115,Ged Brannan,Ged,Brannan,Central Midfield,Left-Back,
BrezovanPeter19791209,Peter Brezovan,Peter,Brezovan,Goalkeeper,,
BristowEthan20011127,Ethan Bristow,Ethan,Bristow,Left-Back,,
BroomesMarlon19771128,Marlon Broomes,Marlon,Broomes,Centre-Back,Sweeper,
BrownJunior19890507,Junior Brown,Junior,Brown,Left-Back,Left Midfield,Right Midfield
BrownKayleden19920415,Kayleden Brown,Kayleden,Brown,Left Midfield,,
BrownPaul19840910,Paul Brown,Paul,Brown,Left Midfield,,
BruceAlex19840928,Alex Bruce,Alex,Bruce,Centre-Back,Right-Back,Defensive Midfield
BrunaGerardo19910129,Gerardo Bruna,Gerardo,Bruna,Central Midfield,Defensive Midfield,Attacking Midfield
BruntRyan19930526,Ryan Brunt,Ryan,Brunt,Centre-Forward,,
BuchananDavid19860506,David Buchanan,David,Buchanan,Left-Back,,
BuckleyTed19120913,Ted Buckley,Ted,Buckley,,,
BurgessDavid19600120,David Burgess,David,Burgess,Right-Back,,
BurnsRobbie19901115,Robbie Burns,Robbie,Burns,Central Midfield,,
BurtonJake20011115,Jake Burton,Jake,Burton,Centre-Forward,,
BuxtonAdam19920512,Adam Buxton,Adam,Buxton,Right-Back,Left-Back,Centre-Back
ByrneNeill19930202,Neill Byrne,Neill,Byrne,Centre-Back,,
CampbellLes19350726,Les Campbell,Les,Campbell,Left Winger,Attacking Midfield,Right Winger
CansdellSherriffShane19821110,Shane Cansdell-Sherriff,Shane,Cansdell-Sherriff,Left-Back,Centre-Back,
CapriceJake19921111,Jake Caprice,Jake,Caprice,Right-Back,Left-Back,Right Midfield
CaroleSebastien19820908,Sébastien Carole,Sébastien,Carole,Right Winger,Attacking Midfield,Right Midfield
CaseyGerry19410825,Gerry Casey,Gerry,Casey,,,
CassidyJake19930209,Jake Cassidy,Jake,Cassidy,Centre-Forward,,
CassidyJames19110803,James Cassidy,James,Cassidy,Centre-Forward,,
CathalinaTimothy19850124,Timothy Cathalina,Timothy,Cathalina,Right-Back,Centre-Back,
ChallinorDave19751002,Dave Challinor,Dave,Challinor,Centre-Back,,
ChalmersLogan20000324,Logan Chalmers,Logan,Chalmers,Left Winger,Right Winger,
ChapmanAaron19900529,Aaron Chapman,Aaron,Chapman,Goalkeeper,,
ChorleyBen19820930,Ben Chorley,Ben,Chorley,Centre-Back,Defensive Midfield,
ClarkeEddie19981229,Eddie Clarke,Eddie,Clarke,Left-Back,,
ClarkePeter19820103,Peter Clarke,Peter,Clarke,Centre-Back,,
ColeLarnell19930309,Larnell Cole,Larnell,Cole,Right Midfield,Attacking Midfield,Left Midfield
CollinsAaron19970527,Aaron Collins,Aaron,Collins,Centre-Forward,Right Winger,Left Winger
CollisterJoe19911215,Joe Collister,Joe,Collister,Goalkeeper,,
ConnellySean19700626,Sean Connelly,Sean,Connelly,Right-Back,,
ConroyBobby19290620,Bobby Conroy,Bobby,Conroy,Left-Back,,
CookAndy19901018,Andy Cook,Andy,Cook,Centre-Forward,,
CookPaul19670222,Paul Cook,Paul,Cook,Central Midfield,Left Midfield,
CooperKevin19750208,Kevin Cooper,Kevin,Cooper,Left Midfield,,
CooperSteve19640622,Steve Cooper,Steve,Cooper,Centre-Forward,,
CorryPaul19910203,Paul Corry,Paul,Corry,Central Midfield,Attacking Midfield,Left Midfield
CoughlinAndy19930131,Andy Coughlin,Andy,Coughlin,Goalkeeper,,
CourtneyJohn19940112,John Courtney,John,Courtney,Goalkeeper,,
CoyneDanny19730827,Danny Coyne,Danny,Coyne,Goalkeeper,,
CoyneTommy19621114,Tommy Coyne,Tommy,Coyne,Centre-Forward,,
CravenSteve19570917,Steve Craven,Steve,Craven,,,
CrawfordAli19910730,Ali Crawford,Ali,Crawford,Left Midfield,Central Midfield,Attacking Midfield
CresswellAaron19891215,Aaron Cresswell,Aaron,Cresswell,Left-Back,Left Midfield,Centre-Back
CrossleyPaul19480714,Paul Crossley,Paul,Crossley,Left Winger,,
CroughanTom19990919,Tom Croughan,Tom,Croughan,Second Striker,Attacking Midfield,Central Midfield
CumbesJim19440504,Jim Cumbes,Jim,Cumbes,Goalkeeper,,
CurranCraig19890823,Craig Curran,Craig,Curran,Centre-Forward,Second Striker,Right Winger
CurrieTony19500101,Tony Currie,Tony,Currie,Attacking Midfield,,
CurtisTom19730301,Tom Curtis,Tom,Curtis,Central Midfield,,
DacresCogleyJosh19960312,Josh Dacres-Cogley,Josh,Dacres-Cogley,Right-Back,,
DadiEugene19730820,Eugène Dadi,Eugène,Dadi,Centre-Forward,,
DagnallChris19860415,Chris Dagnall,Chris,Dagnall,Centre-Forward,Second Striker,
DanielsDonervon19931124,Donervon Daniels,Donervon,Daniels,Centre-Back,Right-Back,
DanielsLuke19880105,Luke Daniels,Luke,Daniels,Goalkeeper,,
DannsNeil19821123,Neil Danns,Neil,Danns,Central Midfield,Left Midfield,Right Midfield
DarvilleLiam19901026,Liam Darville,Liam,Darville,Right-Back,,
DaviesBen19950811,Ben Davies,Ben,Davies,Centre-Back,Left-Back,
DaviesErnie19160131,Ernie Davies,Ernie,Davies,,,
DaviesLiam19960702,Liam Davies,Liam,Davies,Left Midfield,Left Winger,Right Midfield
DaviesMikey20040923,Mikey Davies,Mikey,Davies,Left-Back,,
DaviesScott19870223,Scott Davies,Scott,Davies,Goalkeeper,,
DaviesSteve19871229,Steve Davies,Steve,Davies,Centre-Forward,Left Winger,Right Winger
DaviesTom19920418,Tom Davies,Tom,Davies,Centre-Back,,
DavisNeil19730815,Neil Davis,Neil,Davis,,,
DavisonJosh19990916,Josh Davison,Josh,Davison,Centre-Forward,,
DawsonAdam19921005,Adam Dawson,Adam,Dawson,Right Winger,Left Winger,
DayAlf19071002,Alf Day,Alf,Day,,,
DellowRonnie19140713,Ronnie Dellow,Ronnie,Dellow,Right Winger,,
DennisKristian19900312,Kristian Dennis,Kristian,Dennis,Centre-Forward,,
DevaneyMartin19800601,Martin Devaney,Martin,Devaney,Right Midfield,Left Midfield,
DevineJay19990726,Jay Devine,Jay,Devine,Central Midfield,Defensive Midfield,
DieseruvweEmmanuel19950220,Emmanuel Dieseruvwe,Emmanuel,Dieseruvwe,Centre-Forward,,
DockingStan19141213,Stan Docking,Stan,Docking,,,
DonacienJanoi19931103,Janoi Donacien,Janoi,Donacien,Centre-Back,Right-Back,
DonaldsonRyan19910501,Ryan Donaldson,Ryan,Donaldson,Right Winger,Right Midfield,Left Winger
DonnellyGeorge19880528,George Donnelly,George,Donnelly,Centre-Forward,,
DonnellyRory19920218,Rory Donnelly,Rory,Donnelly,Centre-Forward,Right Winger,Left Winger
DoohanRoss19980329,Ross Doohan,Ross,Doohan,Goalkeeper,,
DrysdaleDeclan19991114,Declan Drysdale,Declan,Drysdale,Centre-Back,Defensive Midfield,
DuffyMark19851007,Mark Duffy,Mark,Duffy,Central Midfield,Attacking Midfield,Right Midfield
DugdaleAdam19870912,Adam Dugdale,Adam,Dugdale,Centre-Back,Defensive Midfield,
DugganMitch19970320,Mitch Duggan,Mitch,Duggan,Centre-Back,Right-Back,Defensive Midfield
DunnJack19941119,Jack Dunn,Jack,Dunn,Second Striker,Left Winger,Right Winger
DwyerDylan20030906,Dylan Dwyer,Dylan,Dwyer,Left-Back,,
EcclestonNathan19901230,Nathan Eccleston,Nathan,Eccleston,Centre-Forward,Right Winger,Left Winger
EddsGareth19810203,Gareth Edds,Gareth,Edds,Defensive Midfield,,
EdenBilly19050701,Billy Eden,Billy,Eden,Left Winger,,
EdwardsChristian19751123,Christian Edwards,Christian,Edwards,Centre-Back,,
EdwardsElfyn19600504,Elfyn Edwards,Elfyn,Edwards,,,
EdwardsRyan19931007,Ryan Edwards,Ryan,Edwards,Centre-Back,Right-Back,
EdwardsSteve19580111,Steve Edwards,Steve,Edwards,,,
ElfordAlliyuLateef19920601,Lateef Elford-Alliyu,Lateef,Elford-Alliyu,Centre-Forward,Left Winger,Right Winger
EllisMark19880930,Mark Ellis,Mark,Ellis,Centre-Back,,
EllisonKevin19790223,Kevin Ellison,Kevin,Ellison,Left Winger,Centre-Forward,
EndersbyScott19620220,Scott Endersby,Scott,Endersby,Goalkeeper,,
EvansClive19570501,Clive Evans,Clive,Evans,Central Midfield,,
FaceyDelroy19800422,Delroy Facey,Delroy,Facey,Centre-Forward,,
FaganKit19500605,Kit Fagan,Kit,Fagan,Centre-Back,,
FaircloughDavid19570105,David Fairclough,David,Fairclough,Centre-Forward,,
FanimoMatthias19940128,Matthias Fanimo,Matthias,Fanimo,Right Winger,Left Winger,
FarrimondSyd19400717,Syd Farrimond,Syd,Farrimond,Left-Back,,
FeeneyLiam19870121,Liam Feeney,Liam,Feeney,Right Midfield,Left Midfield,
FeeneyMorgan19990208,Morgan Feeney,Morgan,Feeney,Centre-Back,,
FenelonShamir19940803,Shamir Fenelon,Shamir,Fenelon,Centre-Forward,Right Winger,Left Winger
FenwickScott19900409,Scott Fenwick,Scott,Fenwick,Centre-Forward,,
FergusonMark19601106,Mark Ferguson,Mark,Ferguson,Centre-Forward,,
FerrierMorgan19941115,Morgan Ferrier,Morgan,Ferrier,Left Winger,Centre-Forward,Right Winger
FeuerIan19710520,Ian Feuer,Ian,Feuer,Goalkeeper,,
FinleySam19920804,Sam Finley,Sam,Finley,Central Midfield,Right Midfield,Attacking Midfield
FinneyKen19290310,Ken Finney,Ken,Finney,Right Winger,,
FisherMax20031003,Max Fisher,Max,Fisher,Centre-Forward,,
FlemingJack19990110,Jack Fleming,Jack,Fleming,Centre-Back,Left-Back,
FloodEddie19521119,Eddie Flood,Eddie,Flood,Left-Back,Centre-Back,
FlowersGeorge19070507,George Flowers,George,Flowers,,,
FlynnSean19680313,Sean Flynn,Sean,Flynn,Central Midfield,,
FoleySam19861017,Sam Foley,Sam,Foley,Central Midfield,Left Midfield,Right Midfield
FonWilliamsOwain19870317,Owain Fôn Williams,Owain,Fôn Williams,Goalkeeper,,
FosterStephen19800918,Stephen Foster,Stephen,Foster,Centre-Back,,
FrailStephen19690810,Stephen Frail,Stephen,Frail,Right-Back,Defensive Midfield,Defensive Midfield
FrancisSimon19850216,Simon Francis,Simon,Francis,Right-Back,Centre-Back,
FraughanRyan19910211,Ryan Fraughan,Ryan,Fraughan,Central Midfield,Left Midfield,
GardnerDan19900405,Dan Gardner,Dan,Gardner,Central Midfield,Right Midfield,Left Midfield
GarnettShaun19691122,Shaun Garnett,Shaun,Garnett,Centre-Back,,
GeorgeShamal19980106,Shamal George,Shamal,George,Goalkeeper,,
GibsonBen19930115,Ben Gibson,Ben,Gibson,Centre-Back,,
GibsonNeil19791010,Neil Gibson,Neil,Gibson,Central Midfield,,
GillMatt19801108,Matt Gill,Matt,Gill,Defensive Midfield,Central Midfield,
GillWayne19751128,Wayne Gill,Wayne,Gill,Attacking Midfielder,,
GilmourHarvey19981215,Harvey Gilmour,Harvey,Gilmour,Central Midfield,Attacking Midfield,Left Midfield
GinnellyJosh19970324,Josh Ginnelly,Josh,Ginnelly,Left Winger,Right Winger,Centre-Forward
GlatzelPaul20010220,Paul Glatzel,Paul,Glatzel,Centre-Forward,,
GnanduilletArmand19920213,Armand Gnanduillet,Armand,Gnanduillet,Centre-Forward,,
GolobartRoman19920321,Román Golobart,Román,Golobart,Centre-Back,,
GoodisonIan19721121,Ian Goodison,Ian,Goodison,Centre-Back,Right-Back,
GordonBen19910302,Ben Gordon,Ben,Gordon,Left-Back,,
GornellTerry19891216,Terry Gornell,Terry,Gornell,Centre-Forward,Second Striker,
GouldbourneEthan20001110,Ethan Gouldbourne,Ethan,Gouldbourne,Central Midfield,,
GrandisonJermaine19901205,Jermaine Grandison,Jermaine,Grandison,Centre-Back,,
GrantTony19741114,Tony Grant,Tony,Grant,Defensive Midfield,Central Midfield,
GrayKevin19720107,Kevin Gray,Kevin,Gray,Centre-Back,,
GreenDevarn19960826,Devarn Green,Devarn,Green,Right Winger,Centre-Forward,Left Winger
GreenGeorge19960102,George Green,George,Green,Attacking Midfield,Left Winger,Right Winger
GreenacreChris19771223,Chris Greenacre,Chris,Greenacre,Centre-Forward,,
GriffithsIan19600417,Ian Griffiths,Ian,Griffiths,Left Midfield,,
GriffithsJohn19160630,John Griffiths,John,Griffiths,,,
GubbinsRalph19320131,Ralph Gubbins,Ralph,Gubbins,Centre-Forward,,
GulacsiPeter19900506,Péter Gulácsi,Péter,Gulácsi,Goalkeeper,,
GumbsEvan19970721,Evan Gumbs,Evan,Gumbs,Centre-Back,,
GunningGavin19910126,Gavin Gunning,Gavin,Gunning,Centre-Back,Left-Back,Defensive Midfield
HallPaul19720703,Paul Hall,Paul,Hall,Centre-Forward,Right Winger,
HamiltonDes19760815,Des Hamilton,Des,Hamilton,Right Midfield,Central Midfield,
HamiltonDuke19060327,Duke Hamilton,Duke,Hamilton,,,
HarrisJay19870415,Jay Harris,Jay,Harris,Central Midfield,Attacking Midfield,Defensive Midfield
HarrisonDanny19821104,Danny Harrison,Danny,Harrison,Central Midfield,Defensive Midfield,Centre-Back
HartJoe19870419,Joe Hart,Joe,Hart,Goalkeeper,,
HarveyJimmy19580502,Jimmy Harvey,Jimmy,Harvey,Central Midfield,,
HateleyTom19890912,Tom Hateley,Tom,Hateley,Defensive Midfield,Right-Back,Central Midfield
HawkesJosh19990128,Josh Hawkes,Josh,Hawkes,Left Midfield,Central Midfield,Attacking Midfield
HaworthSimon19770330,Simon Haworth,Simon,Haworth,Centre-Forward,,
HayAlex19811014,Alex Hay,Alex,Hay,Centre-Forward,Right Winger,
HaydeKyle20010925,Kyle Hayde,Kyle,Hayde,Right-Back,Left-Back,
HazellReuben19790424,Reuben Hazell,Reuben,Hazell,Centre-Back,Right-Back,
HemmingsKane19910408,Kane Hemmings,Kane,Hemmings,Centre-Forward,Left Winger,Right Winger
HendryRegan19980121,Regan Hendry,Regan,Hendry,Central Midfield,Defensive Midfield,Attacking Midfield
HenryNick19690221,Nick Henry,Nick,Henry,Central Midfield,,
HenryPaul19880128,Paul Henry,Paul,Henry,Defensive Midfield,,
HepburnMurphyRushian19980828,Rushian Hepburn-Murphy,Rushian,Hepburn-Murphy,Centre-Forward,Second Striker,Right Winger
HeweltMateusz19960923,Mateusz Hewelt,Mateusz,Hewelt,Goalkeeper,,
HicksonDave19291030,Dave Hickson,Dave,Hickson,Centre-Forward,,
HigdonMichael19830902,Michael Higdon,Michael,Higdon,Centre-Forward,Second Striker,Right Winger
HigginsDave19610819,Dave Higgins,Dave,Higgins,Centre-Back,,
HilditchMark19600820,Mark Hilditch,Mark,Hilditch,Centre-Forward,,
HillClint19781019,Clint Hill,Clint,Hill,Centre-Back,Left-Back,
HillMandy19400215,Mandy Hill,Mandy,Hill,Right Winger,,
HillMatt19810326,Matt Hill,Matt,Hill,Left-Back,,
HinchliffeBen19881009,Ben Hinchliffe,Ben,Hinchliffe,Goalkeeper,,
HindsRichard19800822,Richard Hinds,Richard,Hinds,Centre-Back,Right-Back,
HockenhullBen20010903,Ben Hockenhull,Ben,Hockenhull,Centre-Back,,
HoganLiam19890208,Liam Hogan,Liam,Hogan,Centre-Back,Right-Back,
HolmesDanny19890106,Danny Holmes,Danny,Holmes,Right-Back,Left-Back,Centre-Back
HolnessMarcus19881208,Marcus Holness,Marcus,Holness,Centre-Back,,
HorwoodEvan19860310,Evan Horwood,Evan,Horwood,Left-Back,,
HotiFlorent20001211,Florent Hoti,Florent,Hoti,Central Midfield,Defensive Midfield,Left Midfield
HowarthRussell19820327,Russell Howarth,Russell,Howarth,Goalkeeper,,
HudsonGeorge19370314,George Hudson,George,Hudson,Centre-Forward,,
HughesJeff19850529,Jeff Hughes,Jeff,Hughes,Central Midfield,Left Midfield,Left-Back
HughesMark19620203,Mark Hughes,Mark,Hughes,Centre-Back,Sweeper,
HughesRhys20010921,Rhys Hughes,Rhys,Hughes,Central Midfield,Left Midfield,Right Midfield
HugillJordan19920604,Jordan Hugill,Jordan,Hugill,Centre-Forward,,
HumeIain19831030,Iain Hume,Iain,Hume,Centre-Forward,,
IhiekweMichael19921120,Michael Ihiekwe,Michael,Ihiekwe,Centre-Back,Right-Back,
IlesanmiSam19980713,Sam Ilesanmi,Sam,Ilesanmi,Centre-Forward,,
IronsKenny19701104,Kenny Irons,Kenny,Irons,Attacking Midfield,,
JacksonMarlon19901206,Marlon Jackson,Marlon,Jackson,Centre-Forward,Left Winger,Right Winger
JacksonMike19731204,Mike Jackson,Mike,Jackson,Centre-Back,,
JacksonPeter19370123,Peter Jackson,Peter,Jackson,Centre-Back,Defensive Midfield,
JagoBen19960904,Ben Jago,Ben,Jago,Right Midfield,Right-Back,
JahraldoMartinCalaum19930427,Calaum Jahraldo-Martin,Calaum,Jahraldo-Martin,Right Winger,Left Winger,
JamesOliver19870113,Oliver James,Oliver,James,Central Midfield,Centre-Back,
JamesonKyle19980911,Kyle Jameson,Kyle,Jameson,Centre-Back,Left-Back,
JenningsConnor19911029,Connor Jennings,Connor,Jennings,Centre-Forward,Left Winger,Right Winger
JenningsDale19921221,Dale Jennings,Dale,Jennings,Left Winger,Centre-Forward,Right Winger
JenningsSteven19841028,Steven Jennings,Steven,Jennings,Central Midfield,Defensive Midfield,
JervisJake19910917,Jake Jervis,Jake,Jervis,Centre-Forward,Right Winger,Left Winger
JobsonRichard19630509,Richard Jobson,Richard,Jobson,Centre-Back,,
JohnsonDanny19930228,Danny Johnson,Danny,Johnson,Centre-Forward,,
JohnsonDickie19530220,Dickie Johnson,Dickie,Johnson,Goalkeeper,,
JohnsonJohn19880916,John Johnson,John,Johnson,Centre-Back,Right-Back,
JohnstonMichael19871216,Michael Johnston,Michael,Johnston,Centre-Back,Left-Back,Right-Back
JolleyCharlie20010113,Charlie Jolley,Charlie,Jolley,Centre-Forward,,
JonesAndrai19920101,Andrai Jones,Andrai,Jones,Attacking Midfield,Central Midfield,Right Midfield
JonesBen20001129,Ben Jones,Ben,Jones,Goalkeeper,,
JonesEthan19980404,Ethan Jones,Ethan,Jones,Centre-Forward,,
JonesEthan20041016,Ethan Jones,Ethan,Jones,Central Midfield,Attacking Midfield,
JonesGary19750510,Gary Jones,Gary,Jones,Central Midfield,Striker,Centre-Back
JonesGwyn19120221,Gwyn Jones,Gwyn,Jones,,,
JonesLee19730529,Lee Jones,Lee,Jones,Centre-Forward,,
JonesLes19401109,Les Jones,Les,Jones,Second Striker,,
JonesMike19870815,Mike Jones,Mike,Jones,Central Midfield,Left Midfield,Right Midfield
KaneOusmane20010723,Ousmane Kané,Ousmane,Kané,Defensive Midfield,Central Midfield,
KayAntony19821021,Antony Kay,Antony,Kay,Defensive Midfield,Centre-Back,Central Midfield
KayJosh19970130,Josh Kay,Josh,Kay,Left Midfield,Central Midfield,Right Midfield
KayMichael19890912,Michael Kay,Michael,Kay,Right-Back,Centre-Back,
KearnsJack19140104,Jack Kearns,Jack,Kearns,,,
KellyDavid19651125,David Kelly,David,Kelly,Centre-Forward,,
KennaJeff19700827,Jeff Kenna,Jeff,Kenna,Right-Back,Left-Back,
KennedyMatthew19941101,Matthew Kennedy,Matthew,Kennedy,Left Winger,Right Winger,Centre-Forward
KennedyPeter,Peter Kennedy,Peter,Kennedy,Goalkeeper,,
KerrJohn19591123,John Kerr,John,Kerr,Centre-Forward,,
KhanOtis19950905,Otis Khan,Otis,Khan,Left Winger,Right Midfield,Left Midfield
KingAlan19450118,Alan King,Alan,King,Centre-Back,Defensive Midfield,
KingJohnny19380415,Johnny King,Johnny,King,Central Midfield,,
KirbyJake19940509,Jake Kirby,Jake,Kirby,Right Midfield,Left Midfield,
KirbyNya20000131,Nya Kirby,Nya,Kirby,Central Midfield,Attacking Midfield,Left Midfield
KnightPercivalNat19870331,Nat Knight-Percival,Nat,Knight-Percival,Centre-Back,Left-Back,
KoumasJason19790925,Jason Koumas,Jason,Koumas,Attacking Midfield,Left Winger,Right Winger
KubickiDariusz19630606,Dariusz Kubicki,Dariusz,Kubicki,Right-Back,Left-Back,
LabadieJoss19900830,Joss Labadie,Joss,Labadie,Central Midfield,Defensive Midfield,Attacking Midfield
LaceyLuis20050109,Luis Lacey,Luis,Lacey,Left-Back,Left Winger,Central Midfield
LairdMarc19860123,Marc Laird,Marc,Laird,Central Midfield,Defensive Midfield,Left Midfield
LawrenceTommy19400514,Tommy Lawrence,Tommy,Lawrence,Goalkeeper,,
LeakeJake20030220,Jake Leake,Jake,Leake,Left-Back,,
LewisNorman19080613,Norman Lewis,Norman,Lewis,Goalkeeper,,
LewisPaul19941217,Paul Lewis,Paul,Lewis,Central Midfield,Attacking Midfield,Right Midfield
LeylandHarry19300512,Harry Leyland,Harry,Leyland,Goalkeeper,,
LinwoodPaul19831024,Paul Linwood,Paul,Linwood,Centre-Back,,
LloydDanny19911203,Danny Lloyd,Danny,Lloyd,Centre-Forward,Right Winger,Left Winger
LoganShaleum19880129,Shaleum Logan,Shaleum,Logan,Right-Back,Right Midfield,Left-Back
LomaxArthur20040517,Arthur Lomax,Arthur,Lomax,Attacking Midfield,Right Midfield,Left Midfield
LongNick20010110,Nick Long,Nick,Long,Centre-Back,,
LoranTyrone19810629,Tyrone Loran,Tyrone,Loran,Right-Back,Centre-Back,
LoweRyan19780918,Ryan Lowe,Ryan,Lowe,Centre-Forward,Second Striker,Right Winger
LoydenEddie19451222,Eddie Loyden,Eddie,Loyden,Centre-Forward,,
LucyCallum19981109,Callum Lucy,Callum,Lucy,Central Midfield,Attacking Midfield,Defensive Midfield
LumbyJim19541002,Jim Lumby,Jim,Lumby,,,
MacDonaldCalum19971218,Calum MacDonald,Calum,MacDonald,Left-Back,,
MacauleyJosh19910302,Josh Macauley,Josh,Macauley,Centre-Forward,,
MackrethJack19920413,Jack Mackreth,Jack,Mackreth,Right Midfield,Central Midfield,
MaddoxJacob19981103,Jacob Maddox,Jacob,Maddox,Attacking Midfield,Right Midfield,Left Midfield
MadjoGuy19840601,Guy Madjo,Guy,Madjo,Centre-Forward,,
MaguireJoe19960118,Joe Maguire,Joe,Maguire,Left-Back,Centre-Back,Right-Back
MaherBen19950928,Ben Maher,Ben,Maher,Central Midfield,Centre-Forward,Right-Back
MahonAlan19780404,Alan Mahon,Alan,Mahon,Left Midfield,Attacking Midfield,
MalkinChris19670604,Chris Malkin,Chris,Malkin,Centre-Forward,,
ManganAndy19860830,Andy Mangan,Andy,Mangan,Centre-Forward,Right Winger,Left Winger
MantomSam19920220,Sam Mantom,Sam,Mantom,Central Midfield,Defensive Midfield,
MargettsJohnny19930928,Johnny Margetts,Johnny,Margetts,Centre-Forward,Second Striker,
MartinBarrie19350929,Barrie Martin,Barrie,Martin,Left-Back,,
MartinDavid19860122,David Martin,David,Martin,Goalkeeper,,
MartindaleDave19640409,Dave Martindale,Dave,Martindale,Central Midfield,Defensive Midfield,
MathiasRay19461213,Ray Mathias,Ray,Mathias,Right-Back,,
MatiasPedroMiguel19731011,Pedro Miguel Matias,Pedro Miguel,Matias,Left Winger,,
MaynardLois19890122,Lois Maynard,Lois,Maynard,Defensive Midfield,Central Midfield,Centre-Back
MaynardNicky19861211,Nicky Maynard,Nicky,Maynard,Centre-Forward,Left Winger,Right Winger
MayorDanny19901018,Danny Mayor,Danny,Mayor,Central Midfield,Left Midfield,Attacking Midfield
McAlearReece20020212,Reece McAlear,Reece,McAlear,Central Midfield,Defensive Midfield,
McAteerJason19710618,Jason McAteer,Jason,McAteer,Right Midfield,Central Midfield,Right-Back
McAuleyHughie19530108,Hughie McAuley,Hughie,McAuley,Left Winger,,
McCarrickMark19620204,Mark McCarrick,Mark,McCarrick,Left-Back,,
McChrystalMark19840626,Mark McChrystal,Mark,McChrystal,Centre-Back,,
McCreadyChris19810905,Chris McCready,Chris,McCready,Centre-Back,Left-Back,Right-Back
McCulloughLuke19940215,Luke McCullough,Luke,McCullough,Centre-Back,Defensive Midfield,Right-Back
McDonaghGerry19980214,Gerry McDonagh,Gerry,McDonagh,Centre-Forward,,
McDonaldClayton19881206,Clayton McDonald,Clayton,McDonald,Centre-Back,,
McEveleyJames19850211,James McEveley,James,McEveley,Centre-Back,Left-Back,
McGaheyHarrison19950926,Harrison McGahey,Harrison,McGahey,Centre-Back,Right-Back,
McGeeLuke19950902,Luke McGee,Luke,McGee,Goalkeeper,,
McGibbonPat19730906,Pat McGibbon,Pat,McGibbon,Centre-Back,,
McGintySean19930811,Sean McGinty,Sean,McGinty,Centre-Back,Left-Back,
McGrealJohn19720602,John McGreal,John,McGreal,Centre-Back,,
McGuireJamie19831113,Jamie McGuire,Jamie,McGuire,Central Midfield,Defensive Midfield,
McGurkAdam19890124,Adam McGurk,Adam,McGurk,Centre-Forward,Left Winger,Right Winger
McIntyreKevin19771223,Kevin McIntyre,Kevin,McIntyre,Left-Back,Central Midfield,
McLarenPaul19761117,Paul McLaren,Paul,McLaren,Central Midfield,,
McManamanCallum19910425,Callum McManaman,Callum,McManaman,Right Winger,Left Winger,Second Striker
McNabNeil19570604,Neil McNab,Neil,McNab,Right Midfield,Central Midfield,Left Midfield
McNultyJim19850213,Jim McNulty,Jim,McNulty,Centre-Back,Left-Back,
McNultySteve19830926,Steve McNulty,Steve,McNulty,Centre-Back,,
McPakeJosh20010831,Josh McPake,Josh,McPake,Right Midfield,Right Winger,Left Winger
McWeeneyShane19891014,Shane McWeeney,Shane,McWeeney,Goalkeeper,,
MekkiAdam19911224,Adam Mekki,Adam,Mekki,Left Midfield,Right Midfield,Attacking Midfield
MellonMicky19720318,Micky Mellon,Micky,Mellon,Central Midfield,,
MendyArnaud19900210,Arnaud Mendy,Arnaud,Mendy,Central Midfield,Centre-Back,Right Midfield
MerrieChris19981102,Chris Merrie,Chris,Merrie,Central Midfield,Defensive Midfield,
MillerIshmael19870305,Ishmael Miller,Ishmael,Miller,Centre-Forward,,
MiottoSimon19690905,Simon Miotto,Simon,Miotto,Goalkeeper,,
MolyneuxFred19440725,Fred Molyneux,Fred,Molyneux,Centre-Back,,
MolyneuxLee19890224,Lee Molyneux,Lee,Molyneux,Left Midfield,Left-Back,Central Midfield
MontheEmmanuel19950126,Emmanuel Monthe,Emmanuel,Monthe,Centre-Back,Left-Back,
MooneyJason19890226,Jason Mooney,Jason,Mooney,Goalkeeper,,
MooneyKevin19590823,Kevin Mooney,Kevin,Mooney,Centre-Back,,
MooreMalcolm19481218,Malcolm Moore,Malcolm,Moore,Centre-Forward,,
MooreRonnie19530129,Ronnie Moore,Ronnie,Moore,Centre-Forward,,
MoranAndy19791007,Andy Moran,Andy,Moran,Centre-Forward,,
MorganAlan19731102,Alan Morgan,Alan,Morgan,Central Midfield,,
MorrisCallum19920901,Callum Morris,Callum,Morris,Central Midfield,Right Midfield,Attacking Midfield
MorrisKieron19940603,Kieron Morris,Kieron,Morris,Right Midfield,Left Winger,Attacking Midfield
MorrisseyJohnny19650308,Johnny Morrissey,Johnny,Morrissey,Right Winger,Left Winger,
MorrowSam19850303,Sam Morrow,Sam,Morrow,Centre-Forward,,
MottleyHenryDylan19970802,Dylan Mottley-Henry,Dylan,Mottley-Henry,Right Midfield,Left Midfield,Attacking Midfield
MuirIan19630505,Ian Muir,Ian,Muir,Second Striker,Attacking Midfield,
MullinJohn19750811,John Mullin,John,Mullin,Right Winger,,
MullinPaul19941106,Paul Mullin,Paul,Mullin,Centre-Forward,Second Striker,Right Winger
MumbongoJoel19990109,Joel Mumbongo,Joel,Mumbongo,Centre-Forward,,
MungallSteve19580522,Steve Mungall,Steve,Mungall,Right-Back,Centre-Back,
MurphyJoe19810821,Joe Murphy,Joe,Murphy,Goalkeeper,,
MurrayMatt19810502,Matt Murray,Matt,Murray,Goalkeeper,,
MusuambaHarrison20020520,Harrison Musuamba,Harrison,Musuamba,,,
MyhreThomas19731016,Thomas Myhre,Thomas,Myhre,Goalkeeper,,
MyrieWilliamsJennison19880517,Jennison Myrie-Williams,Jennison,Myrie-Williams,Right Winger,Left Winger,
NDiayeSeyni19730601,Seyni N'Diaye,Seyni,N'Diaye,Center-Forward,,
NavarroAlan19810531,Alan Navarro,Alan,Navarro,Defensive Midfield,Central Midfield,Left Midfield
NeillTommy19301003,Tommy Neill,Tommy,Neill,Central Midfield,,
NelsonSid19960101,Sid Nelson,Sid,Nelson,Centre-Back,Right-Back,
NevinPat19630906,Pat Nevin,Pat,Nevin,Right Winger,Left Winger,Centre-Forward
NevittElliott19961030,Elliott Nevitt,Elliott,Nevitt,Centre-Forward,,
NicholsonShane19700603,Shane Nicholson,Shane,Nicholson,Left-Back,,
NielsenGunnar19861007,Gunnar Nielsen,Gunnar,Nielsen,Goalkeeper,,
NixonEric19621004,Eric Nixon,Eric,Nixon,Goalkeeper,,
NolanIan19700709,Ian Nolan,Ian,Nolan,Left-Back,Right-Back,
NolanJon19920422,Jon Nolan,Jon,Nolan,Central Midfield,Attacking Midfield,Defensive Midfield
NorburnOliver19921026,Oliver Norburn,Oliver,Norburn,Central Midfield,Defensive Midfield,
NormanCameron19951012,Cameron Norman,Cameron,Norman,Right-Back,Centre-Back,Left-Back
NorrisJames20030404,James Norris,James,Norris,Left-Back,Left Midfield,Central Midfield
NorrisLuke19930603,Luke Norris,Luke,Norris,Centre-Forward,,
NorwoodJames19901024,James Norwood,James,Norwood,Centre-Forward,Right Winger,Left Winger
NugentDavid19850502,David Nugent,David,Nugent,Centre-Forward,,
NugentGeorge20011204,George Nugent,George,Nugent,Central Midfield,Right-Back,Right Midfield
OBrienLiam19640905,Liam O'Brien,Liam,O'Brien,Defensive Midfield,,
OCallaghanGeorge19790905,George O'Callaghan,George,O'Callaghan,Attacking Midfield,,
OConnorLee20000728,Lee O'Connor,Lee,O'Connor,Right-Back,Defensive Midfield,Centre-Back
OHalloranMichael19910106,Michael O'Halloran,Michael,O'Halloran,Right Winger,Left Winger,Centre-Forward
OLearyStephen19870202,Stephen O'Leary,Stephen,O'Leary,Central Midfield,,
ONeilTommy19521025,Tommy O'Neil,Tommy,O'Neil,Right-Back,,
ONeillLuke19910820,Luke O'Neill,Luke,O'Neill,Right-Back,Centre-Back,
ObreyAlf19120603,Alf Obrey,Alf,Obrey,,,
OdejayiKayode19820221,Kayode Odejayi,Kayode,Odejayi,Centre-Forward,,
OlsenJames19811023,James Olsen,James,Olsen,Left-Back,Left Midfield,
OmotolaTolani19980416,Tolani Omotola,Tolani,Omotola,Centre-Forward,,
OnuoraIffy19670728,Iffy Onuora,Iffy,Onuora,Centre-Forward,,
OsbornSimon19720119,Simon Osborn,Simon,Osborn,Central Midfield,,
OsborneElliot19960512,Elliot Osborne,Elliot,Osborne,Central Midfield,,
OtsemoborJon19830323,Jon Otsemobor,Jon,Otsemobor,Right-Back,,
PalethorpePhil19860917,Phil Palethorpe,Phil,Palethorpe,Goalkeeper,,
PaliosMark19521109,Mark Palios,Mark,Palios,,,
PalmerLiam19910919,Liam Palmer,Liam,Palmer,Right-Back,Centre-Back,Defensive Midfield
ParkinsonAndy19790527,Andy Parkinson,Andy,Parkinson,Right Winger,Attacking Midfield,
ParryLes19531113,Les Parry,Les,Parry,Centre-Back,,
PassantBayleigh20001129,Bayleigh Passant,Bayleigh,Passant,Goalkeeper,,
PayneStefan19910810,Stefan Payne,Stefan,Payne,Centre-Forward,Right Winger,Left Winger
PenningtonMatthew19941006,Matthew Pennington,Matthew,Pennington,Centre-Back,Right-Back,
PeplowSteve19490108,Steve Peplow,Steve,Peplow,Right Midfield,,
PerfectFrank19150309,Frank Perfect,Frank,Perfect,,,
PerkinsDavid19820621,David Perkins,David,Perkins,Central Midfield,Defensive Midfield,Left Midfield
PetersonKristoffer19941128,Kristoffer Peterson,Kristoffer,Peterson,Left Winger,Right Winger,Centre-Forward
PikeDan20020109,Dan Pike,Dan,Pike,Right-Back,Left-Back,
PikeMartin19641021,Martin Pike,Martin,Pike,Left-Back,Right-Back,Left Midfield
PillingLuke19970725,Luke Pilling,Luke,Pilling,Goalkeeper,,
PonticelliJordan19980910,Jordan Ponticelli,Jordan,Ponticelli,Centre-Forward,,
PostlewhiteDennis19571013,Dennis Postlewhite,Dennis,Postlewhite,Centre-Back,,
PotterDarren19841221,Darren Potter,Darren,Potter,Central Midfield,Defensive Midfield,
PowellNeville19630902,Neville Powell,Neville,Powell,Right Midfield,,
PowerMax19930727,Max Power,Max,Power,Central Midfield,Defensive Midfield,Right-Back
PriceJason19770412,Jason Price,Jason,Price,Centre-Forward,Right Winger,
PringleBen19890725,Ben Pringle,Ben,Pringle,Left Midfield,Right Midfield,Central Midfield
PritchardJoe19430904,Joe Pritchard,Joe,Pritchard,Central Midfield,,
ProudlockAdam19810509,Adam Proudlock,Adam,Proudlock,Centre-Forward,,
RachubkaPaul19810521,Paul Rachubka,Paul,Rachubka,Goalkeeper,,
RalphAndrew19830528,Andrew Ralph,Andrew,Ralph,Goalkeeper,,
RalphAndy19830528,Andy Ralph,Andy,Ralph,Goalkeeper,,
RamsbottomSam19960403,Sam Ramsbottom,Sam,Ramsbottom,Goalkeeper,,
RankineMark19690930,Mark Rankine,Mark,Rankine,Central Midfield,,
RavenDavid19850310,David Raven,David,Raven,Right-Back,Centre-Back,
RayGeorge19931013,George Ray,George,Ray,Centre-Back,,
RichardsEliot19910910,Eliot Richards,Eliot,Richards,Attacking Midfield,Left Winger,Right Winger
RickettsMichael19781204,Michael Ricketts,Michael,Ricketts,Centre-Forward,,
RidehalghLiam19910420,Liam Ridehalgh,Liam,Ridehalgh,Left-Back,Centre-Back,
RideoutPaul19640814,Paul Rideout,Paul,Rideout,Centre-Forward,,
RileyMartin19861205,Martin Riley,Martin,Riley,Centre-Back,,
RobertsGareth19780206,Gareth Roberts,Gareth,Roberts,Left-Back,,
RobinsonAndy19791103,Andy Robinson,Andy,Robinson,Left Midfield,Right Midfield,Central Midfield
RobinsonLuke20011120,Luke Robinson,Luke,Robinson,Left-Back,,
RobinsonMarvin19800411,Marvin Robinson,Marvin,Robinson,Centre-Forward,,
RobsonConor20030921,Conor Robson,Conor,Robson,Goalkeeper,,
RodawayBilly19540926,Billy Rodaway,Billy,Rodaway,Centre-Back,,
RogersAlan19770103,Alan Rogers,Alan,Rogers,Left-Back,Left Midfield,Left Winger
RokkaElliot19960316,Elliot Rokka,Elliot,Rokka,Centre-Forward,Right Winger,Left Winger
RoweJames19911021,James Rowe,James,Rowe,Central Midfield,Right Midfield,Left Midfield
RoyJack19140323,Jack Roy,Jack,Roy,,,
RussellAlex19440221,Alex Russell,Alex,Russell,,,
RussellCraig19740204,Craig Russell,Craig,Russell,Centre-Forward,,
SantosGeorges19700815,Georges Santos,Georges,Santos,Centre-Back,,
SaundersHarvey19970720,Harvey Saunders,Harvey,Saunders,Centre-Forward,,
SavageBas19820107,Bas Savage,Bas,Savage,Centre-Forward,Right Winger,
SeremetDino19800816,Dino Seremet,Dino,Seremet,Goalkeeper,,
SharpsIan19801023,Ian Sharps,Ian,Sharps,Centre-Back,,
ShepherdPaul19771117,Paul Shepherd,Paul,Shepherd,Centre-Forward,,
ShottonRyan19881030,Ryan Shotton,Ryan,Shotton,Centre-Back,Right-Back,
ShowunmiEnoch19820421,Enoch Showunmi,Enoch,Showunmi,Centre-Forward,,
ShukerChris19820509,Chris Shuker,Chris,Shuker,Right Midfield,Left Midfield,
SidibeMamady19791218,Mamady Sidibé,Mamady,Sidibé,Centre-Forward,,
SimeuDynel20020313,Dynel Simeu,Dynel,Simeu,Centre-Back,Right-Back,
SimonsenSteve19790403,Steve Simonsen,Steve,Simonsen,Goalkeeper,,
SinnottLewis20020304,Lewis Sinnott,Lewis,Sinnott,Right-Back,Left-Back,
SmithJohn19700723,John Smith,John,Smith,Right-Back,,
SmithJonny19970728,Jonny Smith,Jonny,Smith,Right Winger,Left Winger,
SmithSam19980308,Sam Smith,Sam,Smith,Centre-Forward,,
SodjeAkpo19800131,Akpo Sodje,Akpo,Sodje,Centre-Forward,,
SolomonDaviesJosh19991120,Josh Solomon-Davies,Josh,Solomon-Davies,Right-Back,,
SolomonSol20010317,Sol Solomon,Sol,Solomon,Centre-Forward,Left Winger,
SonkoEdrissa19800323,Edrissa Sonko,Edrissa,Sonko,Right Winger,Attacking Midfield,
SordellMarvin19910217,Marvin Sordell,Marvin,Sordell,Centre-Forward,Right Winger,
SousaErico19950312,Érico Sousa,Érico,Sousa,Left Winger,Right Winger,
SpearingJay19881125,Jay Spearing,Jay,Spearing,Defensive Midfield,Central Midfield,
SpellmanCarl20001106,Carl Spellman,Carl,Spellman,Central Midfield,Defensive Midfield,
StarbuckJoseph20020803,Joseph Starbuck,Joseph,Starbuck,Right-Back,Right Midfield,
SteelJim19591204,Jim Steel,Jim,Steel,Centre-Forward,,
StephensonDarren19930306,Darren Stephenson,Darren,Stephenson,Centre-Forward,Left Winger,Left Midfield
StevensDennis19331130,Dennis Stevens,Dennis,Stevens,Centre-Forward,,
StevensGary19630327,Gary Stevens,Gary,Stevens,Right-Back,,
StevensonWillie19391026,Willie Stevenson,Willie,Stevenson,Central Midfield,Centre-Back,Left Midfield
StockdaleRobbie19791130,Robbie Stockdale,Robbie,Stockdale,Right-Back,,
StocktonCole19940313,Cole Stockton,Cole,Stockton,Centre-Forward,,
StortonStan19390105,Stan Storton,Stan,Storton,Right-Back,,
StortonTrevor19491126,Trevor Storton,Trevor,Storton,Centre-Back,,
StratulisRyan20030418,Ryan Stratulis,Ryan,Stratulis,Attacking Midfield,,
SummerbeeNicky19710826,Nicky Summerbee,Nicky,Summerbee,Right Midfield,Right Winger,Right-Back
SuttonRitchie19860429,Ritchie Sutton,Ritchie,Sutton,Centre-Back,Right-Back,
TaylorAndy19860314,Andy Taylor,Andy,Taylor,Left-Back,Centre-Back,
TaylorAsh19900902,Ash Taylor,Ash,Taylor,Centre-Back,Defensive Midfield,
TaylorFletcherGary19810604,Gary Taylor-Fletcher,Gary,Taylor-Fletcher,Right Winger,Centre-Forward,Left Winger
TaylorGareth19730225,Gareth Taylor,Gareth,Taylor,Centre-Forward,,
TaylorRhys19900407,Rhys Taylor,Rhys,Taylor,Goalkeeper,,
TaylorRob19850116,Rob Taylor,Rob,Taylor,Left-Back,Left Midfield,
TaylorRyan19840819,Ryan Taylor,Ryan,Taylor,Right-Back,Left-Back,Defensive Midfield
TaylorSamuel20031223,Samuel Taylor,Samuel,Taylor,Centre-Forward,,
TaylorScott19760505,Scott Taylor,Scott,Taylor,Centre-Forward,,
TealeShaun19640310,Shaun Teale,Shaun,Teale,Centre-Back,,
ThomasMooreIan19760826,Ian Thomas-Moore,Ian,Thomas-Moore,Centre-Forward,,
ThomasTony19710712,Tony Thomas,Tony,Thomas,Right-Back,,
ThompsonAndy19671109,Andy Thompson,Andy,Thompson,Left-Back,,
ThompsonBailey20010607,Bailey Thompson,Bailey,Thompson,Centre-Forward,,
ThompsonJoe19890305,Joe Thompson,Joe,Thompson,Right Midfield,Right Winger,Left Midfield
ThompsonJohn19811012,John Thompson,John,Thompson,Right-Back,Centre-Back,Right Midfield
ThompsonJosh19910225,Josh Thompson,Josh,Thompson,Centre-Back,,
ThornAndy19661112,Andy Thorn,Andy,Thorn,Centre-Back,,
ThorntonSean19830518,Sean Thornton,Sean,Thornton,Central Midfield,,
TimlinJamie20030916,Jamie Timlin,Jamie,Timlin,Centre-Forward,,
TiryakiMustafa19870302,Mustafa Tiryaki,Mustafa,Tiryaki,Centre-Forward,,
TollittBen19941130,Ben Tollitt,Ben,Tollitt,Right Midfield,Left Midfield,
TomlinsonBen19891031,Ben Tomlinson,Ben,Tomlinson,Centre-Forward,Left Winger,Right Winger
TrainRay19510210,Ray Train,Ray,Train,Defensive Midfield,,
TraoreDrissa19920325,Drissa Traoré,Drissa,Traoré,Central Midfield,Defensive Midfield,
TremarcoCarl19851011,Carl Tremarco,Carl,Tremarco,Left-Back,,
TurnbullJordan19941030,Jordan Turnbull,Jordan,Turnbull,Centre-Back,Left-Back,Defensive Midfield
TurnerCookeJay20031231,Jay Turner-Cooke,Jay,Turner-Cooke,Attacking Midfield,Central Midfield,Right Midfield
TurnerIain19840126,Iain Turner,Iain,Turner,Goalkeeper,,
TynanTommy19551117,Tommy Tynan,Tommy,Tynan,Centre-Forward,Right Winger,
VaughanJames19880714,James Vaughan,James,Vaughan,Centre-Forward,,
VaughanLee19860717,Lee Vaughan,Lee,Vaughan,Right-Back,Right Midfield,
VaulksWill19930913,Will Vaulks,Will,Vaulks,Defensive Midfield,Centre-Back,Right-Back
VickersSteve19671013,Steve Vickers,Steve,Vickers,Centre-Back,,
WalkdenEdgar19141104,Edgar Walkden,Edgar,Walkden,,,
WalkerBrad19960425,Brad Walker,Brad,Walker,Defensive Midfield,Central Midfield,Centre-Back
WalkerRiceDanny20001110,Danny Walker-Rice,Danny,Walker-Rice,Right Winger,Left Winger,
WalkerStephen20001011,Stephen Walker,Stephen,Walker,Second Striker,Left Winger,Centre-Forward
WallaceJames19911219,James Wallace,James,Wallace,Central Midfield,Defensive Midfield,Attacking Midfield
WardGavin19700630,Gavin Ward,Gavin,Ward,Goalkeeper,,
WaringGeorge19941202,George Waring,George,Waring,Centre-Forward,,
WarnerTony19740511,Tony Warner,Tony,Warner,Goalkeeper,,
WarringtonLewis20021010,Lewis Warrington,Lewis,Warrington,Central Midfield,Attacking Midfield,Defensive Midfield
WassellGilbert19100409,Gilbert Wassell,Gilbert,Wassell,,,
WaterfallLuke19900730,Luke Waterfall,Luke,Waterfall,Centre-Back,,
WatkinsBradley19940911,Bradley Watkins,Bradley,Watkins,Goalkeeper,,
WatsonRyan19930707,Ryan Watson,Ryan,Watson,Defensive Midfield,Central Midfield,Right-Back
WeirRobbie19881209,Robbie Weir,Robbie,Weir,Defensive Midfield,Central Midfield,
WelchKeith19681003,Keith Welch,Keith,Welch,Goalkeeper,,
WelshJohn19840110,John Welsh,John,Welsh,Central Midfield,Defensive Midfield,
WestGordon19430424,Gordon West,Gordon,West,Goalkeeper,,
WhartonPaddy20000527,Paddy Wharton,Paddy,Wharton,Goalkeeper,,
WheelerJohnny19280726,Johnny Wheeler,Johnny,Wheeler,Right Midfield,,
WhiteheadPhil19691217,Phil Whitehead,Phil,Whitehead,Goalkeeper,,
WhitmoreTheodore19720805,Theodore Whitmore,Theodore,Whitmore,Attacking Midfield,,
WilliamsGraham19361231,Graham Williams,Graham,Williams,Left Midfield,,
WilliamsJack20030516,Jack Williams,Jack,Williams,Right Winger,Attacking Midfield,Left Winger
WilliamsJohn19601003,John Williams,John,Williams,Centre-Back,,
WilliamsJosh20040713,Josh Williams,Josh,Williams,Central Midfield,Attacking Midfield,
WilliamsRyan19780831,Ryan Williams,Ryan,Williams,Attacking Midfielder,,
WilliamsRyan19910408,Ryan Williams,Ryan,Williams,Attacking Midfielder,,
WilsonBob19280908,Bob Wilson,Bob,Wilson,Right-Back,,
WilsonKane20000311,Kane Wilson,Kane,Wilson,Right-Back,Right Midfield,
WilsonMark19790209,Mark Wilson,Mark,Wilson,Central Midfield,,
WilsonSteve19740424,Steve Wilson,Steve,Wilson,Goalkeeper,,
WoodConnor19960717,Connor Wood,Connor,Wood,Left-Back,Left Midfield,
WoodNick19901109,Nick Wood,Nick,Wood,Centre-Back,Left-Back,
WoodardsDan19831007,Dan Woodards,Dan,Woodards,Right-Back,Left-Back,Centre-Back
WoodsBilly19731024,Billy Woods,Billy,Woods,Left Midfield,,
WoodsCalum19870205,Calum Woods,Calum,Woods,Right-Back,Left-Back,Centre-Back
WoodyardAlex19930503,Alex Woodyard,Alex,Woodyard,Central Midfield,Defensive Midfield,Right Midfield
WooleryKaiyne19950111,Kaiyne Woolery,Kaiyne,Woolery,Left Winger,Right Winger,Centre-Forward
WoottonScott19910912,Scott Wootton,Scott,Wootton,Centre-Back,Right-Back,
WorthingtonFrank19481123,Frank Worthington,Frank,Worthington,,,
YarneyJosef19971008,Josef Yarney,Josef,Yarney,Centre-Back,Right-Back,
YatesSteve19700129,Steve Yates,Steve,Yates,Centre-Back,Right-Back,Left-Back
YeatsRon19371115,Ron Yeats,Ron,Yeats,Centre-Back,,
YoungJack20001021,Jack Young,Jack,Young,Central Midfield,Defensive Midfield,
YoungTommy19471224,Tommy Young,Tommy,Young,Centre-Forward,Attacking Midfield,
ZolaCalvin19841231,Calvin Zola,Calvin,Zola,Centre-Forward,,
